price_rise_pct,breadth_drawdown_points,breadth_cap,full_cagr,full_sharpe,full_max_drawdown,full_calmar,early_cagr,early_sharpe,early_max_drawdown,early_calmar,late_cagr,late_sharpe,late_max_drawdown,late_calmar,real_breadth_cagr,real_breadth_sharpe,real_breadth_max_drawdown,real_breadth_calmar,min_half_calmar,completed_trades,exposure,raw_signal_days
2.0,30.0,70.0,0.18981837597034779,1.0070173496135206,-0.3218479557791448,0.5897765468505973,0.18018455089238428,0.9808978348296058,-0.3218479557791448,0.5598437015272785,0.19985931308677451,1.034478510973427,-0.2298679665490888,0.8694526518295629,0.20998687017734396,1.055602893218309,-0.3218479557791448,0.6524412114689303,0.5598437015272785,14,0.8152506851523457,47
2.0,30.0,60.0,0.18956128194044397,1.0057392855843688,-0.32184838081844713,0.5889769631849552,0.17966028141049306,0.9782164713398146,-0.32184838081844713,0.5582140290829626,0.19985929885833253,1.0344784466125756,-0.22986796654908892,0.869452589931238,0.2099866676783153,1.0556020921526883,-0.32184838081844713,0.6524397206670044,0.5582140290829626,14,0.8155731097855876,44
2.0,35.0,50.0,0.19012351416254702,0.9994291877823469,-0.32184931872442846,0.5907221270998968,0.17851400465550715,0.9497310300405326,-0.32184931872442846,0.5546508700500098,0.20207053054373336,1.0496691418167974,-0.22986796654908892,0.8790721629348066,0.2100638662430674,1.0580101419353043,-0.32184931872442846,0.6526776787212242,0.5546508700500098,13,0.8497501209092375,16
2.0,30.0,50.0,0.1896126322432945,0.9971662208486,-0.32184931872442846,0.5891347944894775,0.17851400465550715,0.9497310300405326,-0.32184931872442846,0.5546508700500098,0.2010657140832579,1.0452651238561974,-0.22986796654908892,0.8747008863469447,0.20941230308248282,1.055257476922589,-0.32184931872442846,0.6506532433016716,0.5546508700500098,13,0.8495889085926165,24
2.0,35.0,60.0,0.18944648256265606,1.0068042214369624,-0.3218504620602376,0.5886164691203681,0.17713595845808183,0.9640314122214596,-0.3218504620602376,0.5503672647359102,0.20207049213252315,1.0496689771551555,-0.22986796654908892,0.879071995833619,0.21006332144799145,1.0580079785582597,-0.3218504620602376,0.652673667464476,0.5503672647359102,14,0.8175076575850395,23
2.0,35.0,70.0,0.18944648256265606,1.0068042214369624,-0.3218504620602376,0.5886164691203681,0.17713595845808183,0.9640314122214596,-0.3218504620602376,0.5503672647359102,0.20207049213252315,1.0496689771551555,-0.22986796654908892,0.879071995833619,0.21006332144799145,1.0580079785582597,-0.3218504620602376,0.652673667464476,0.5503672647359102,14,0.8175076575850395,23
3.0,30.0,70.0,0.18724216274568017,0.9961523232282173,-0.3218479557791448,0.5817721050686665,0.17493651447772463,0.9580624900694847,-0.3218479557791448,0.5435377523347321,0.19985916687829142,1.0344778496147105,-0.22986796654908892,0.8694520157753732,0.20670133940327706,1.0425698892001927,-0.3218479557791448,0.6422328795063639,0.5435377523347321,14,0.8152506851523457,38
1.0,30.0,60.0,0.1919768073703072,1.0328889553597516,-0.3218489350362904,0.596481101758689,0.17426294728483738,0.9546859768683212,-0.3218489350362904,0.5414432931561143,0.20985333018636143,1.1100339819512073,-0.2297821902763706,0.913270649626763,0.2134955595705268,1.0896577736338233,-0.3218489350362904,0.663340891733738,0.5414432931561143,16,0.7826857971949057,59
1.0,30.0,70.0,0.1919768073703072,1.0328889553597516,-0.3218489350362904,0.596481101758689,0.17426294728483738,0.9546859768683212,-0.3218489350362904,0.5414432931561143,0.20985333018636143,1.1100339819512073,-0.2297821902763706,0.913270649626763,0.2134955595705268,1.0896577736338233,-0.3218489350362904,0.663340891733738,0.5414432931561143,16,0.7826857971949057,62
5.0,25.0,50.0,0.16850996746188573,0.9273078946964036,-0.3218452936696078,0.5235744339790491,0.17415278316228422,0.9155442306641755,-0.3218452936696078,0.5411071300022233,0.16399842527046338,0.9457974405337111,-0.22986796654908903,0.7134461914485201,0.18256108056258658,0.970945873952544,-0.3218452936696078,0.5672324068531999,0.5411071300022233,13,0.7967112687409318,22
3.0,30.0,60.0,0.18681921711621863,0.9940924902376745,-0.32184865778990224,0.5804567227313755,0.17407607540824555,0.9537436684116913,-0.32184865778990224,0.540863139227008,0.1998591420875766,1.034477737476463,-0.22986796654908903,0.8694519079277453,0.2067010050705147,1.0425685525132837,-0.32184865778990224,0.6422304398903098,0.540863139227008,14,0.8157343221022086,35
1.0,30.0,50.0,0.19236214754771908,1.024678133381108,-0.32184931872442846,0.5976776595647295,0.17379763334923615,0.929074610298393,-0.32184931872442846,0.539996896802643,0.21106980623340754,1.1220375759303336,-0.22978224806084524,0.9185644583715504,0.2129197895627395,1.089449515879015,-0.32184931872442846,0.6615511581835728,0.539996896802643,15,0.8171852329517976,34
1.0,35.0,50.0,0.18780467874520235,0.9894039415145329,-0.32184931872442846,0.5835174033908803,0.17379763334923615,0.929074610298393,-0.32184931872442846,0.539996896802643,0.2020703966210513,1.049668567715179,-0.22986796654908914,0.8790715803278246,0.20710706641694832,1.0458248804214216,-0.32184931872442846,0.6434907715131007,0.539996896802643,13,0.8497501209092375,21
3.0,35.0,50.0,0.18754663892100387,0.988671582006388,-0.32184931872442846,0.5827156622990516,0.17327339696922794,0.9275065614273201,-0.32184931872442846,0.5383680712948374,0.20207038129930832,1.0496685020336791,-0.22986796654908903,0.8790715136732875,0.2067781247067071,1.044948859658312,-0.32184931872442846,0.6424687351404749,0.5383680712948374,13,0.8497501209092375,13
3.0,30.0,50.0,0.18703686301537759,0.986407758598965,-0.32184931872442846,0.581131766121652,0.17327339696922794,0.9275065614273201,-0.32184931872442846,0.5383680712948374,0.20106556465535297,1.0452644810588867,-0.22986796654908903,0.8747002362872287,0.2061283305658943,1.042195003289539,-0.32184931872442846,0.6404497961432195,0.5383680712948374,13,0.8495889085926165,18
6.0,25.0,70.0,0.17572158202260102,0.9996007348773663,-0.32184667299128267,0.5459791781888654,0.17241344847074003,0.9428165892053193,-0.32184667299128267,0.5357005771360263,0.17968639593709979,1.0662456610086593,-0.22986796654908892,0.7816939377619947,0.1918766917097552,1.0465728092661073,-0.32184667299128267,0.5961742277042343,0.5357005771360263,16,0.6959535708528132,32
1.0,35.0,60.0,0.18697113149433475,0.9965179699827792,-0.3218507315324258,0.5809249853312755,0.1721046237263153,0.9424896411588174,-0.3218507315324258,0.5347342940837035,0.20207034681780045,1.049668354217771,-0.22986796654908892,0.8790713636675764,0.20710639243059936,1.0458221694539114,-0.3218507315324258,0.643485852725905,0.5347342940837035,14,0.8167015960019346,29
1.0,35.0,70.0,0.18697113149433475,0.9965179699827792,-0.3218507315324258,0.5809249853312755,0.1721046237263153,0.9424896411588174,-0.3218507315324258,0.5347342940837035,0.20207034681780045,1.049668354217771,-0.22986796654908892,0.8790713636675764,0.20710639243059936,1.0458221694539114,-0.3218507315324258,0.643485852725905,0.5347342940837035,14,0.8167015960019346,29
3.0,35.0,60.0,0.1868710722359297,0.9959211576136476,-0.3218504620602376,0.5806145843001924,0.1719014787877371,0.941257769496224,-0.3218504620602376,0.5341035637710657,0.20207034077885688,1.0496683283299155,-0.22986796654908892,0.8790713373962188,0.20677758010875302,1.0449466743321913,-0.3218504620602376,0.6424647607622589,0.5341035637710657,14,0.8175076575850395,20
3.0,35.0,70.0,0.1868710722359297,0.9959211576136476,-0.3218504620602376,0.5806145843001924,0.1719014787877371,0.941257769496224,-0.3218504620602376,0.5341035637710657,0.20207034077885688,1.0496683283299155,-0.22986796654908892,0.8790713373962188,0.20677758010875302,1.0449466743321913,-0.3218504620602376,0.6424647607622589,0.5341035637710657,14,0.8175076575850395,20
5.0,25.0,60.0,0.17409328369882449,0.9893900268248399,-0.3218475649818189,0.5409184428928614,0.17130621948228586,0.9374058055483235,-0.3218475649818189,0.5322588645092372,0.1775598377161327,1.05033264030426,-0.22986796654908903,0.7724427217143988,0.1904920950211686,1.0375369864956643,-0.3218475649818189,0.5918705491275954,0.5322588645092372,16,0.6969208447525391,38
6.0,25.0,60.0,0.17476958853024294,0.9944844711852122,-0.3218477074276094,0.5430195228889504,0.1711306526596168,0.9361602017448373,-0.3218477074276094,0.531713132361236,0.1790487143604047,1.062839901030318,-0.22986796654908892,0.7789198166599188,0.19146127652864076,1.0445769056218968,-0.3218477074276094,0.5948815918525833,0.531713132361236,16,0.697726906335644,28
4.0,30.0,70.0,0.18527591126148057,0.9848179130254584,-0.3218487089018377,0.5756615022432444,0.16990587558069903,0.9296899008454677,-0.3218487089018377,0.5279060343613791,0.20086282605967143,1.0388505392341796,-0.22986796654908903,0.8738182578248742,0.204194933220877,1.0289775986925511,-0.3218487089018377,0.6344438476003191,0.5279060343613791,13,0.8184749314847655,26
4.0,30.0,60.0,0.1848536834615837,0.9827684577639731,-0.32184941755702456,0.5743483547825025,0.16904915711389767,0.9254200290448343,-0.32184941755702456,0.5252430108373458,0.20086279999369006,1.0388504216696202,-0.22986796654908903,0.8738181444294247,0.20419462172500857,1.0289763539078813,-0.32184941755702456,0.6344414828367052,0.5252430108373458,13,0.8189585684346284,23
0.0,30.0,50.0,0.1863571738469485,1.0079023217841805,-0.3218487994191186,0.5790208762104783,0.1671739588650354,0.9002315452501066,-0.3218487994191186,0.5194176867111372,0.20566444206291612,1.1201507635481167,-0.22978386362358838,0.8950343110246307,0.20526206415969406,1.069471760490296,-0.3218487994191186,0.6377592973164933,0.5194176867111372,16,0.7809124617120748,44
0.0,35.0,50.0,0.1812965309694421,0.9701278437459676,-0.3218487994191186,0.5632972106674033,0.1671739588650354,0.9002315452501066,-0.3218487994191186,0.5194176867111372,0.19566779057139194,1.041022189970551,-0.22986796654908892,0.8512181732360109,0.1988162291185176,1.0227053964099422,-0.3218487994191186,0.6177317718051039,0.5194176867111372,14,0.8131549250362727,30
0.0,30.0,60.0,0.18546617960326306,1.0155481726389215,-0.3218493689619297,0.5762514936768482,0.1666093983154593,0.9233025836437754,-0.3218493689619297,0.5176626533487684,0.20445332365394941,1.1076773856825897,-0.22978394394003365,0.8897633148263191,0.2055161487417121,1.0702607621037352,-0.3218493689619297,0.6385476205983234,0.5176626533487684,18,0.7443172658391101,73
0.0,30.0,70.0,0.18546617960326306,1.0155481726389215,-0.3218493689619297,0.5762514936768482,0.1666093983154593,0.9233025836437754,-0.3218493689619297,0.5176626533487684,0.20445332365394941,1.1076773856825897,-0.22978394394003365,0.8897633148263191,0.2055161487417121,1.0702607621037352,-0.3218493689619297,0.6385476205983234,0.5176626533487684,18,0.7443172658391101,77
0.0,35.0,60.0,0.18027040269632844,0.9784623866371597,-0.321850643918995,0.5601057698728725,0.16509039522555602,0.9150905802302605,-0.321850643918995,0.512941012686328,0.19566766272898062,1.0410216037807027,-0.22986796654908892,0.851217617080174,0.19889191975622977,1.0254632431498225,-0.321850643918995,0.617963404809244,0.512941012686328,16,0.777365790746413,41
0.0,35.0,70.0,0.18027040269632844,0.9784623866371597,-0.321850643918995,0.5601057698728725,0.16509039522555602,0.9150905802302605,-0.321850643918995,0.512941012686328,0.19566766272898062,1.0410216037807027,-0.22986796654908892,0.851217617080174,0.19889191975622977,1.0254632431498225,-0.321850643918995,0.617963404809244,0.512941012686328,16,0.777365790746413,41
6.0,20.0,50.0,0.16835150157694212,0.9331427488367554,-0.34974067668959075,0.481360941971188,0.17350505493447255,0.9265101794266317,-0.34974067668959075,0.4960962979106529,0.16429941265851822,0.9451190203966271,-0.22986796654908892,0.714755583934013,0.1823599107093994,0.9783087848296039,-0.34974067668959075,0.5214146448033876,0.4960962979106529,15,0.7875221666935354,50
5.0,20.0,50.0,0.1681964022407063,0.9334070579481994,-0.34974067668959075,0.480917472433404,0.17350505493447255,0.9265101794266317,-0.34974067668959075,0.4960962979106529,0.16399839607800737,0.9457972995773716,-0.22986796654908892,0.7134460644518952,0.18216302135695672,0.9786684956096948,-0.34974067668959075,0.5208516866873736,0.4960962979106529,15,0.7875221666935354,53
5.0,25.0,70.0,0.16768223270869553,0.9772956362691982,-0.32184687252802746,0.5210000376626099,0.15753380863101674,0.9057382270360438,-0.32184687252802746,0.48946819769795397,0.17819536862944552,1.0537081494013367,-0.22986796654908892,0.7752074867351795,0.1818152695249864,1.02048780939178,-0.32184687252802746,0.5649123388923201,0.48946819769795397,17,0.6501692729324521,44
2.0,20.0,50.0,0.16641073377924065,0.9416861526216544,-0.34975741670030625,0.475789006418216,0.1710161856353294,0.9265261736862552,-0.34975741670030625,0.48895656666479387,0.1628718345565261,0.9636210096129075,-0.23392004259744703,0.6962713957641168,0.179896701020692,0.9895305316948751,-0.34975741670030625,0.5143470657974313,0.48895656666479387,19,0.7481863614380139,93
1.0,20.0,40.0,0.16666104591400788,0.9298875626173366,-0.3497509451855838,0.47651349684151584,0.17071845985866108,0.9122293869348965,-0.3497509451855838,0.48811436311651696,0.16363817542185255,0.9544244033374057,-0.22986796654908892,0.7118789880925283,0.18021433699953748,0.9744884140945731,-0.3497509451855838,0.5152647604823847,0.48811436311651696,17,0.7825245848782847,37
3.0,20.0,60.0,0.16597322174086648,0.9793454816288446,-0.3497542316100446,0.47454242648282485,0.1679410588110235,0.9367404091440266,-0.3497542316100446,0.4801687689036109,0.1649203700966837,1.0346729802076273,-0.22528749640661372,0.7320440447304033,0.18017294825190455,1.0260352808737212,-0.3497542316100446,0.515141582197601,0.4801687689036109,21,0.6425922940512655,144
4.0,20.0,50.0,0.16447392612798617,0.9188472675972386,-0.34975133766857225,0.4702596056511534,0.16582961821204822,0.8973839280937578,-0.34975133766857225,0.47413576547687136,0.16399803369672217,0.9457955498104162,-0.22986796654908892,0.7134444879761006,0.1774395568563616,0.9609205164613781,-0.34975133766857225,0.5073306024765087,0.47413576547687136,15,0.7802676124455908,62
3.0,20.0,50.0,0.16364435612837736,0.9189392516716741,-0.34975741670030625,0.4678795882936142,0.16580866840687847,0.9039826437626666,-0.34975741670030625,0.4740676265600211,0.1624032921402545,0.9388151039932032,-0.22986796654908892,0.7065068464229567,0.17638743516217903,0.9611718659304797,-0.34975741670030625,0.5043136377957602,0.4740676265600211,16,0.7746251813638562,74
6.0,20.0,70.0,0.16271783072882795,0.9631017348408106,-0.3497520361800944,0.46523769384159136,0.1653488554280389,0.921163978581078,-0.3497520361800944,0.4727602367492649,0.1610351017171674,1.0189377703770992,-0.21779035616710973,0.7394041891992947,0.17536369942198404,1.002668856511541,-0.3497520361800944,0.5013943630958183,0.4727602367492649,20,0.6421086571014025,92
1.0,20.0,50.0,0.17193694778218527,0.9817535899780947,-0.34975741670030625,0.49158914027979417,0.16466291670307864,0.9001788630862552,-0.34975741670030625,0.47079177978996795,0.17969007623639088,1.0779758715824819,-0.22978276827919164,0.7819997886789452,0.18691327310552674,1.0396981165384855,-0.34975741670030625,0.5344083189683597,0.47079177978996795,21,0.729163308076737,115
5.0,20.0,60.0,0.164852268464738,0.9634819758859035,-0.3497542316100446,0.47133745231862867,0.16385436403071196,0.9137524033246482,-0.3497542316100446,0.46848429331771446,0.16660711182110322,1.0243391826566324,-0.22986796654908892,0.7247948216635215,0.1787498499155895,1.006439824106659,-0.3497542316100446,0.5110727298215654,0.46848429331771446,19,0.6677414154441399,96
4.0,20.0,60.0,0.1625127844432508,0.9602524451865825,-0.3497542316100446,0.4646485153164437,0.16385436403071196,0.9137524033246482,-0.3497542316100446,0.46848429331771446,0.16204803422135017,1.0205834725730212,-0.21779035616710984,0.7440551412524953,0.1757808970182304,1.0026867043597485,-0.3497542316100446,0.5025840465433332,0.46848429331771446,20,0.6451716911172014,118
6.0,20.0,60.0,0.1648866386119543,0.9627780309947207,-0.349754490315454,0.4714353730333472,0.16367988472000405,0.9124948605004805,-0.349754490315454,0.4679850845442364,0.1668398544668439,1.0240915278181857,-0.22986796654908892,0.7258073274477538,0.17890122900168381,1.006400909391945,-0.349754490315454,0.5115051670682697,0.4679850845442364,19,0.6695147509269708,78
3.0,25.0,60.0,0.16914189885320963,0.9798327148619532,-0.36340776057920343,0.4654328201016658,0.16923551083613098,0.9357966916719735,-0.36340776057920343,0.46569041499389413,0.16986614618499107,1.0341483386402774,-0.22528731117351686,0.7539978408023155,0.18419760206754554,1.0262381511181933,-0.36340776057920343,0.5068620487739979,0.46569041499389413,19,0.667580203127519,73
2.0,25.0,50.0,0.16485494278433843,0.9224988610540408,-0.3634109456694651,0.45363229905100255,0.16830368891498448,0.9112989310788994,-0.3634109456694651,0.4631222337151687,0.1624034135951069,0.9388156909858245,-0.22986796654908892,0.7065073747908464,0.17792285412503928,0.9654639219873568,-0.3634109456694651,0.4895913462300233,0.4631222337151687,16,0.776398516846687,50
1.0,25.0,40.0,0.16524161381014513,0.9176196057362874,-0.36340447415474286,0.45470440118957606,0.1680067071005107,0.8973935843771379,-0.36340447415474286,0.4623132598773977,0.16343520019381041,0.9442376598958667,-0.22986796654908892,0.7109959802028718,0.17841336475075686,0.9592598566236473,-0.36340447415474286,0.4909498298438282,0.4623132598773977,16,0.7891342898597453,25
4.0,25.0,50.0,0.16510157367885836,0.9184696636639492,-0.3634048666377312,0.45431855441672936,0.16712196002169932,0.8971404915043177,-0.3634048666377312,0.45987815619513656,0.16399809689755274,0.945795854977432,-0.22986796654908903,0.7134447629201541,0.17823571238574476,0.9603488067680046,-0.3634048666377312,0.49046044439306663,0.45987815619513656,14,0.7841367080444946,26
3.0,25.0,50.0,0.1642714824292415,0.9185364176796219,-0.3634109456694651,0.4520267878190222,0.16710083401162934,0.9036068250106314,-0.3634109456694651,0.4598123309241582,0.16240335546261297,0.9388154100308981,-0.22986796654908903,0.7065071218956959,0.17718278527098286,0.9605609886865819,-0.3634109456694651,0.48755489448613576,0.4598123309241582,15,0.77849427696276,36
2.0,20.0,70.0,0.14590868182829242,0.9386318530197046,-0.3497585507350286,0.41716973472602953,0.16058188214192048,0.971607497092295,-0.3497585507350286,0.4591221052478992,0.13295816063966526,0.9111531288838683,-0.18949719933558906,0.7016365471671363,0.1573354801513649,0.9694912859715925,-0.3497585507350286,0.4498402678668454,0.4591221052478992,26,0.4576817668869902,213
4.0,25.0,60.0,0.16873320320003016,0.9740184076360733,-0.36340776057920343,0.46430820005357415,0.1651445921818413,0.9130692529927485,-0.36340776057920343,0.45443331182204794,0.1729575683996416,1.0464544520019263,-0.21779035616710984,0.7941470478469296,0.18367834656513904,1.019085852596843,-0.36340776057920343,0.5054331978832549,0.45443331182204794,18,0.6706432371433177,52
1.0,20.0,70.0,0.141969422384715,0.9067496454659106,-0.3497552719416943,0.40591074323643617,0.15866821709938073,0.9336862193238119,-0.3497552719416943,0.4536549691403405,0.1271453863893992,0.8877405228513133,-0.18949719933558917,0.6709618233683321,0.15103592406990196,0.9428733409438206,-0.3497552719416943,0.43183315931569516,0.4536549691403405,26,0.4949218120264388,260
1.0,25.0,50.0,0.16886299925554926,0.9568214233439746,-0.3634109456694651,0.46466129121255484,0.16362794216932652,0.8904395109800186,-0.3634109456694651,0.4502559543656449,0.17465971459905916,1.0347274695346356,-0.22978358847897762,0.7601052614557735,0.18300927361507613,1.0083409076830059,-0.3634109456694651,0.5035876761442662,0.4502559543656449,18,0.7443172658391101,64
2.0,20.0,60.0,0.1469158765275096,0.9112849903152022,-0.3497537354315582,0.42005520354552134,0.15719796127438346,0.9040080295212156,-0.3497537354315582,0.44945327340226465,0.13804187213586339,0.930699714388272,-0.18949719933558917,0.7284639172497678,0.15582321532791799,0.9423078472294429,-0.3497537354315582,0.4455226622115959,0.44945327340226465,23,0.5429630823794938,177
3.0,20.0,70.0,0.15598537265273715,0.9551429102543382,-0.3497509451357588,0.445989853128746,0.1555877630730993,0.9122033038632823,-0.3497509451357588,0.4448530168023037,0.1571605577146591,1.00759885031162,-0.23695097258406161,0.6632619229233347,0.16698385702229412,0.9942870957616323,-0.3497509451357588,0.47743647113656246,0.4448530168023037,23,0.572142511687893,175
2.0,25.0,70.0,0.1657487070264243,0.9866593796338384,-0.3634065029671598,0.4560972510758912,0.16160645674168506,0.9409967493476943,-0.3634065029671598,0.444698857676438,0.1704979301434557,1.037618287714881,-0.22528834023187205,0.7567987316519588,0.1793609743598863,1.0323721061657047,-0.3634065029671598,0.4935546637042285,0.444698857676438,22,0.6164758987586652,106
0.0,25.0,40.0,0.15839343109294268,0.8846561841395719,-0.3676407177169949,0.4308375635771441,0.16014571742318884,0.863347588476864,-0.3676407177169949,0.43560386460366707,0.1575357563683153,0.9119273924979411,-0.22986796654908892,0.6853314915224306,0.16973225638865608,0.9188732796524144,-0.3676407177169949,0.4616797003407925,0.43560386460366707,16,0.7878445913267773,33
5.0,20.0,70.0,0.1558795734140257,0.9486247240597416,-0.3497509451357588,0.44568735433586815,0.1515449107397624,0.8880333818785574,-0.3497509451357588,0.433293784755718,0.16080149263082988,1.0192277252341397,-0.21779035616710984,0.7383315563681222,0.1668498790357873,0.9861304498489867,-0.3497509451357588,0.4770534043046635,0.433293784755718,21,0.5951958729646945,114
4.0,20.0,70.0,0.15245530152575237,0.9360590405636453,-0.3497509451357588,0.43589675352149676,0.1515449107397624,0.8880333818785574,-0.3497509451357588,0.433293784755718,0.15411312470994387,0.9950255091708445,-0.23218562114899177,0.6637496497298195,0.16251526664293503,0.970833851619676,-0.3497509451357588,0.4646599784879877,0.433293784755718,22,0.5747219087538288,144
1.0,20.0,60.0,0.13788482329538243,0.8736202335487481,-0.34975736327654094,0.39422993701596987,0.15016534044461438,0.8728589419657501,-0.34975736327654094,0.42934146986316307,0.1271431637996625,0.8877271652782025,-0.18949719933558917,0.6709500944892537,0.14587378783770988,0.9017714555498925,-0.34975736327654094,0.4170713847770306,0.42934146986316307,25,0.507657585039497,216
1.0,25.0,70.0,0.16152896564986974,0.9679539125081977,-0.36340825725021175,0.44448347671598104,0.15599408844551044,0.9142947579979673,-0.36340825725021175,0.4292530104457871,0.1676043250775201,1.0273599936418927,-0.23762435361696488,0.7053331130683997,0.17473877523267434,1.0127327210172545,-0.36340825725021175,0.4808332550142475,0.4292530104457871,22,0.6116395292600355,130
3.0,25.0,70.0,0.1627572399207995,0.9677171253412504,-0.3634065029671598,0.44786551311523304,0.15548646842578595,0.904164928693639,-0.3634065029671598,0.4278582445725714,0.17049720061203955,1.0376143482639342,-0.22528931343898628,0.7567922242268906,0.1755658360490222,1.0091231393244722,-0.3634065029671598,0.48311143200672907,0.4278582445725714,20,0.6208286313074319,84
0.0,25.0,50.0,0.16266092354351014,0.938165946941427,-0.3676462460863116,0.44243869011332854,0.15641719518056796,0.8595549045753199,-0.3676462460863116,0.42545571142278493,0.16941613236333541,1.0331362885189777,-0.22978548453233216,0.737279522717187,0.17514042081160208,0.9859167703406464,-0.3676462460863116,0.47638299772136045,0.42545571142278493,19,0.7069160083830405,78
6.0,10.0,50.0,0.13506343096613427,0.8325565272017711,-0.32705677490313945,0.41296631450650856,0.13909542807804653,0.8140507813602083,-0.32705677490313945,0.4252944404507162,0.13202946298579654,0.8597114990480085,-0.229315103086275,0.5757556358428045,0.1419452668350769,0.860095806626811,-0.32705677490313945,0.43400803079867456,0.4252944404507162,19,0.6121231662098985,110
2.0,25.0,60.0,0.16196020224679053,0.9568421947585758,-0.36340726440071713,0.445671339327445,0.15451734428537933,0.8877587010723297,-0.36340726440071713,0.4251905765840668,0.1698644435462724,1.0341391359087737,-0.22528958375307861,0.753982677390211,0.17487333738684496,0.9974510645717743,-0.36340726440071713,0.48120484788663426,0.4251905765840668,21,0.6293728840883444,93
6.0,15.0,50.0,0.15633773302112908,0.8988794028552488,-0.3356768847745436,0.4657387509006849,0.14040648164266334,0.811855717090879,-0.3356768847745436,0.4182786721729944,0.17244283198756927,0.9876437176602241,-0.22986796654908892,0.7501820918172329,0.167128891380514,0.9370355870963597,-0.3356768847745436,0.49788620831835245,0.4182786721729944,17,0.7383524101241334,70
0.0,20.0,40.0,0.15155731144909756,0.8656411833020538,-0.3497509451855838,0.4333292405219339,0.14590255927611007,0.8153805983892529,-0.3497509451855838,0.4171613008756608,0.15773637353511694,0.921618194249603,-0.22986796654908892,0.6862042410830302,0.16107945270169277,0.895833929026102,-0.3497509451855838,0.46055473164260147,0.4171613008756608,18,0.7472190875382879,46
4.0,25.0,70.0,0.16235111733250718,0.9617052742220845,-0.3634065029671598,0.4467479695793404,0.15144439285888822,0.8803419127883987,-0.3634065029671598,0.416735505893173,0.17359024888212882,1.049907693354737,-0.21779035616710984,0.7970520455411422,0.17505079813361402,1.0016991965587,-0.3634065029671598,0.48169418187167923,0.416735505893173,19,0.6238916653232307,63
5.0,10.0,50.0,0.1297935702152193,0.8333545188617062,-0.32705825173339964,0.3968515379976411,0.13628523086284727,0.8038622068145002,-0.32705825173339964,0.4167001753985394,0.12444331108766193,0.8823326852096016,-0.1992139063901759,0.6246718080209223,0.13638971557429036,0.8673667677016053,-0.32705825173339964,0.41701964359996624,0.4167001753985394,21,0.5519909721102693,126
5.0,15.0,50.0,0.12901033658663774,0.8221882462154589,-0.335679927635228,0.38432544208252123,0.13822618939629172,0.8080825035440914,-0.335679927635228,0.4117797282967048,0.12111162224170102,0.8524180345390227,-0.1929684291889372,0.6276240250840177,0.13395562588043775,0.8458572753600268,-0.335679927635228,0.3990575987790452,0.4117797282967048,19,0.5626309850072545,80
1.0,25.0,60.0,0.1578988985896148,0.9391065566625035,-0.36340825725021175,0.4344945263059864,0.14923459643718373,0.863287612331774,-0.36340825725021175,0.4106527396113446,0.16697236578496288,1.0238625494658655,-0.2376256384089609,0.7026698251204628,0.1701351863845595,0.9772577383453811,-0.36340825725021175,0.4681654392553304,0.4106527396113446,21,0.6243753022730937,115
0.0,20.0,50.0,0.14845805703467274,0.8960619324451405,-0.3497564735549006,0.4244612130427647,0.14058740889879595,0.8051909849569053,-0.3497564735549006,0.40195798942582894,0.15675844125472493,1.0078714081315996,-0.2297882568535814,0.6821864763725055,0.1571608769441375,0.9352512806122443,-0.3497564735549006,0.44934372578372955,0.40195798942582894,23,0.633725616637111,134
0.0,25.0,70.0,0.1574674402154661,0.9479858170781135,-0.3676452781653575,0.42831351187554556,0.1476992471270373,0.8744289640487478,-0.3676452781653575,0.40174389798801097,0.1676032360602333,1.0273540938996775,-0.23762579809495243,0.7053242425860725,0.1699078498772062,0.9897450917674677,-0.3676452781653575,0.4621515900464957,0.40174389798801097,22,0.6098661937772045,157
1.0,15.0,40.0,0.12461224570780938,0.8018123317952714,-0.33569050522893995,0.3712117077092311,0.1348361743074573,0.7922339622853231,-0.33569050522893995,0.40166812050730905,0.11576925987831599,0.82771304540808,-0.21270091424570037,0.5442819100654439,0.12841714942597116,0.8205161681601116,-0.33569050522893995,0.3825462663544536,0.40166812050730905,21,0.555698855392552,62
1.0,10.0,40.0,0.12690986434380647,0.8164823541954146,-0.3356941782610309,0.37805202640459024,0.13246583182813065,0.7813035632233897,-0.3356941782610309,0.39460270807892045,0.1224342619832528,0.8734920763314281,-0.200166217381616,0.611662964834033,0.1327523958083292,0.846198138348497,-0.3356941782610309,0.3954563540422881,0.39460270807892045,21,0.5532806706432372,86
4.0,10.0,50.0,0.12498879656965411,0.8136074271871249,-0.32706471090402545,0.3821531103865592,0.1288507125062095,0.771993761510497,-0.32706471090402545,0.3939609141874671,0.12210386597195999,0.8772655796465884,-0.1992161331441018,0.6129215743969736,0.1303305989262118,0.8430172369185681,-0.32706471090402545,0.39848566531672164,0.3939609141874671,22,0.5350636788650653,138
6.0,15.0,60.0,0.14558748280818157,0.9167082036069214,-0.33569079150340986,0.43369519359217434,0.13085697183941813,0.7939886436195764,-0.33569079150340986,0.3898140048863656,0.1605139896770713,1.0591746010347711,-0.210140848478939,0.7638400189154968,0.15445254702666,0.9513446069203091,-0.33569079150340986,0.46010361599415844,0.3898140048863656,23,0.5676285668225053,132
4.0,15.0,50.0,0.12541162851567256,0.8057351685904451,-0.33569090952634983,0.3735925667234324,0.13078023252151594,0.7764698164888589,-0.33569090952634983,0.3895852667146783,0.12111032933638954,0.85241024381404,-0.19297061043681263,0.6276102307094406,0.12942339593208807,0.8254071784218039,-0.33569090952634983,0.38554334436610377,0.3895852667146783,19,0.55537643075931,90
1.0,15.0,50.0,0.12213227410427185,0.8054871744345551,-0.3356971715482071,0.36381681007620076,0.12896145289741812,0.7778615695971074,-0.3356971715482071,0.3841600818459648,0.11645748469744754,0.8537118258960461,-0.2127012018733494,0.5475168154752171,0.12529657090258595,0.8258092856053918,-0.3356971715482071,0.3732428555317541,0.3841600818459648,24,0.5194260841528293,160
0.0,25.0,60.0,0.15390870818408775,0.9219587505304805,-0.3676452781653575,0.41863371386715736,0.14110756515796052,0.8286222090138314,-0.3676452781653575,0.3838144361927421,0.1669712078129999,1.0238562703373462,-0.23762717517215937,0.7026604078091251,0.1653974859462397,0.9577858244067585,-0.3676452781653575,0.44988334073434805,0.3838144361927421,22,0.6205062066741899,134
0.0,20.0,70.0,0.12870999963012464,0.8455710656659765,-0.34975605233124596,0.3679993491813155,0.13359872669079897,0.82637315553073,-0.34975605233124596,0.3819768830312354,0.1248631656483381,0.8753211760069942,-0.18949719933558917,0.65891826415446,0.13460578731799266,0.8691293756854155,-0.34975605233124596,0.3848562059778471,0.3819768830312354,27,0.45784297920361117,305
6.0,15.0,70.0,0.13978587098933892,0.90578952952733,-0.3356954692421348,0.41640678471150994,0.12786609506034274,0.7807527105228761,-0.3356954692421348,0.3808990790045898,0.1519807828541888,1.0636174995491972,-0.19860301568112582,0.7652491193699043,0.14635781093358946,0.9336872780134604,-0.3356954692421348,0.4359838733123401,0.3808990790045898,23,0.5324842817991294,181
0.0,15.0,40.0,0.11728363744303971,0.7600691957628327,-0.33569050522893995,0.34938026430939,0.1259378387201895,0.7487027289849735,-0.33569050522893995,0.37516056235877226,0.10989684070452799,0.7867164797306206,-0.21270364742579184,0.5166664607520135,0.11920054232892197,0.7682937847776589,-0.33569050522893995,0.35509059825099176,0.37516056235877226,21,0.5552152184426891,72
0.0,10.0,40.0,0.11956629235332095,0.7745529963205726,-0.3356941782610309,0.3561762464058818,0.12358605125659228,0.737721448445047,-0.3356941782610309,0.3681507135357396,0.11652681054851954,0.8318595267974588,-0.20016901998494618,0.582142084510795,0.12350039073360364,0.7937046276805187,-0.3356941782610309,0.36789553924754553,0.3681507135357396,21,0.5527970336933742,99
1.0,10.0,50.0,0.11494035434979932,0.781552351607869,-0.3270763981647483,0.35141745168633015,0.11996917260607343,0.7410677109401672,-0.3270763981647483,0.3667925086592307,0.11094684954786183,0.8494301206065085,-0.18949719933558906,0.5854801545187013,0.12258233178152023,0.8269751441274611,-0.3270763981647483,0.37478195451992086,0.3667925086592307,27,0.48009027889730777,220
5.0,15.0,70.0,0.10670682831424738,0.7687391554478837,-0.3357050070132688,0.3178589120954928,0.12206941853807418,0.7793378639301594,-0.3357050070132688,0.3636210839513912,0.09308238178449346,0.7780506465871614,-0.1929758966435492,0.4823523735527881,0.10825393428300178,0.7607289363926821,-0.3357050070132688,0.3224674402271368,0.3636210839513912,24,0.37626954699339027,241
4.0,15.0,70.0,0.10193633045446404,0.7500444568243021,-0.3357065613089103,0.3036471198448347,0.12116048570508697,0.774463951360168,-0.3357065613089103,0.36091187861412566,0.08475649639132654,0.7473206519568114,-0.1929772774949413,0.43920453999330744,0.10280921318511638,0.7405737724846073,-0.3357065613089103,0.30624725588998375,0.36091187861412566,25,0.34386587135257135,300
2.0,15.0,60.0,0.10316363591704736,0.7672297828593504,-0.3356943595427371,0.3073141772699748,0.12110558500280355,0.7961157260272899,-0.3356943595427371,0.36076145326887943,0.08716129094222169,0.7531941711766087,-0.21270796121096913,0.409769763416485,0.10244003009444302,0.7515610061308604,-0.3356943595427371,0.30515862772904717,0.36076145326887943,27,0.32855070127357733,316
0.0,15.0,50.0,0.10648313293794098,0.7360564023685808,-0.33569620001229283,0.31720088858331336,0.12071097223127336,0.7372457508756237,-0.33569620001229283,0.35958396975257106,0.09390662292434104,0.7589343636136812,-0.21270725829210624,0.4414829267150871,0.1056456432121935,0.7387632854090564,-0.33569620001229283,0.3147061039366095,0.35958396975257106,25,0.4586490407867161,183
0.0,20.0,60.0,0.1247294434580899,0.815218601862247,-0.34975815493379225,0.3566162552570094,0.12539699698803997,0.7703866949709942,-0.34975815493379225,0.3585248698826682,0.12486028810104077,0.875303827762958,-0.18949719933558917,0.6589030789838748,0.12958866396816715,0.8314845100804024,-0.34975815493379225,0.3705093423559995,0.3585248698826682,27,0.46848299210059646,247
2.0,15.0,50.0,0.11760707490519318,0.7863016449780675,-0.3356971715482071,0.3503368061243985,0.1176285948098188,0.7311445145977741,-0.3356971715482071,0.3504009112359381,0.11834201529853905,0.8632296912222295,-0.21270392561300988,0.55636968127165,0.11960698026423877,0.8019028114850261,-0.3356971715482071,0.35629427472570424,0.3504009112359381,24,0.492503627277124,132
6.0,10.0,60.0,0.12063550422359337,0.8508191279032323,-0.3270804341406718,0.36882519292398297,0.11403636137256368,0.7470111210810254,-0.3270804341406718,0.3486492907231454,0.12768549966573373,0.989895669626422,-0.19922410391197076,0.6409139113114188,0.12713691784060432,0.8686841871518187,-0.3270804341406718,0.3887023024615556,0.3486492907231454,25,0.380461067225536,237
3.0,10.0,60.0,0.10540466296714257,0.7840926987845703,-0.3270666665047284,0.32227271612106867,0.11324651654623019,0.7526572652097517,-0.3270666665047284,0.34624903160100234,0.09876436017348289,0.8473642406527628,-0.19922442327896783,0.49574423932544753,0.10661201697566902,0.780243811499144,-0.3270666665047284,0.32596417762470986,0.34624903160100234,30,0.3270997904239884,400
2.0,15.0,70.0,0.09888521658584226,0.7625098020644341,-0.33570764721219204,0.2945575336368179,0.11532093917797859,0.7911690964294315,-0.33570764721219204,0.3435159733048537,0.0842644129838177,0.7472220249681348,-0.2127113783926985,0.39614436059105596,0.09935634317813902,0.7533621248797113,-0.33570764721219204,0.2959609171945329,0.3435159733048537,30,0.2637433499919394,432
3.0,15.0,60.0,0.10109962432939823,0.7482742835468973,-0.33569423335348325,0.301165805916425,0.11515163573885245,0.7570227303190626,-0.33569423335348325,0.3430253614681511,0.08868058161502668,0.7590867967066356,-0.20552814324906887,0.43147658618975254,0.09980569005389084,0.7283766142415484,-0.33569423335348325,0.297311303375284,0.3430253614681511,26,0.3393519264871836,258
2.0,10.0,60.0,0.10265199660876023,0.773963257421425,-0.32707459852609344,0.3138488805653027,0.11217307693030465,0.7571655218919597,-0.32707459852609344,0.34295869332498985,0.09444121079579992,0.8162808138693854,-0.2127114506661929,0.44398743227042387,0.10804405856895771,0.7922300386499496,-0.32707459852609344,0.33033460579280705,0.34295869332498985,31,0.3192003869095599,472
0.0,10.0,50.0,0.10538002067924945,0.7343453819806515,-0.32707577534409105,0.32218839982382463,0.1117844133366035,0.6997735800172825,-0.32707577534409105,0.3417691610422808,0.1000852950196669,0.7997105088168966,-0.18949719933558917,0.5281623969672571,0.11052064441703324,0.7683345681858166,-0.32707577534409105,0.3379053196488277,0.3417691610422808,27,0.4492987264226987,249
3.0,10.0,50.0,0.11572269372006638,0.7747738892928981,-0.32706839409326727,0.35381802647389626,0.11142791850201927,0.7021593098804996,-0.32706839409326727,0.34068690376192184,0.12056220206346202,0.8687658169520103,-0.19922216518379177,0.6051646007974953,0.11866407080768071,0.7948883360131557,-0.32706839409326727,0.3628111824643084,0.34068690376192184,24,0.4970175721425117,159
3.0,15.0,50.0,0.11419448826891432,0.756960011399102,-0.3356971715482071,0.34017113621261375,0.11332964069199591,0.7071983864951981,-0.3356971715482071,0.3375948631599401,0.11576643939672082,0.8228838736578985,-0.20552593113832462,0.5632692612340329,0.11532016532553357,0.764620651743565,-0.3356971715482071,0.3435243877500864,0.3375948631599401,21,0.5171691117201355,107
5.0,10.0,60.0,0.10218221843045194,0.7613754855020349,-0.32708378286014184,0.3124038053398207,0.11001640271019175,0.7293441169623244,-0.32708378286014184,0.33635541862750745,0.09554568794370843,0.8276512062662316,-0.19922576045350426,0.47958500811448573,0.10573420973380965,0.768708650852378,-0.32708378286014184,0.32326338166090207,0.33635541862750745,26,0.3291955505400613,292
4.0,10.0,60.0,0.10138719625072823,0.7552322467985981,-0.32708414619509707,0.3099728232937754,0.10969476027412695,0.7275954138409194,-0.32708414619509707,0.3353716820279541,0.0943074564207751,0.8148603091898116,-0.19922589639117816,0.47336946716807987,0.10492889732982147,0.7623918728750686,-0.32708414619509707,0.32080092707163543,0.3353716820279541,27,0.32855070127357733,345
5.0,15.0,60.0,0.10157023456131142,0.7430233193129054,-0.3357233332053211,0.30254148137863646,0.11191772575384484,0.733991471482748,-0.3357233332053211,0.33336296493100287,0.09258857209776594,0.7741416019064118,-0.19298004085205245,0.47978315109150943,0.10355663765143164,0.738723753894194,-0.3357233332053211,0.30845826729624015,0.33336296493100287,23,0.3520876995002418,174
2.0,10.0,50.0,0.11476968044548674,0.781031922963394,-0.3270763981647483,0.3508956350548941,0.10872629321141658,0.6931048178115294,-0.3270763981647483,0.3324186453730335,0.12128069291403154,0.89667313360543,-0.21270700771410844,0.5701772321344504,0.1223667715285246,0.8263656516798189,-0.3270763981647483,0.37412290282984123,0.3324186453730335,27,0.47541512171529904,186
4.0,15.0,60.0,0.09839550533686126,0.7288246692889188,-0.33572410624521287,0.29308442112581923,0.11151477023018219,0.7318118523239433,-0.33572410624521287,0.3321619393893979,0.08683711155159379,0.7480386977125043,-0.19298020748832811,0.4499793667018723,0.09981140489386031,0.7225486049071547,-0.33572410624521287,0.2973018709027646,0.3321619393893979,23,0.3399967757536676,215
1.0,15.0,60.0,0.0963175378503276,0.7311640055785401,-0.3357029095822569,0.2869130266704674,0.11141721682401795,0.7471280311980462,-0.3357029095822569,0.3318923180101825,0.08292611369046332,0.7339441260106313,-0.21271397028327532,0.3898479896737812,0.09698083585875827,0.7227250117757541,-0.3357029095822569,0.2888888749264628,0.3318923180101825,29,0.2988876350153152,372
0.0,15.0,70.0,0.095660478665069,0.7381965458466423,-0.3357124071798768,0.28494770112506895,0.11009828315298531,0.7555900431438985,-0.3357124071798768,0.3279541679077531,0.08287967628465065,0.7372046968700874,-0.2127141030930042,0.3896294372565108,0.09692622700613773,0.7353204023416315,-0.3357124071798768,0.2887180364299257,0.3279541679077531,31,0.29002095760116076,571
2.0,30.0,40.0,0.17969754770213364,0.9486593995910247,-0.46928256116373335,0.38291972166303645,0.15278515697789552,0.8266257278050999,-0.46928256116373335,0.32557177620028493,0.20661246520786514,1.0686937883808563,-0.22986796654908892,0.8988310477081742,0.1967810331111972,0.9961542771812685,-0.46928256116373335,0.41932313151210415,0.32557177620028493,13,0.8620022569724327,10
2.0,35.0,40.0,0.17969754770213364,0.9486593995910247,-0.46928256116373335,0.38291972166303645,0.15278515697789552,0.8266257278050999,-0.46928256116373335,0.32557177620028493,0.20661246520786514,1.0686937883808563,-0.22986796654908892,0.8988310477081742,0.1967810331111972,0.9961542771812685,-0.46928256116373335,0.41932313151210415,0.32557177620028493,13,0.8620022569724327,10
2.0,30.0,30.0,0.17521347035375667,0.917538809989655,-0.46928256116373335,0.3733645459129355,0.15278515697789552,0.8266257278050999,-0.46928256116373335,0.32557177620028493,0.19769577020153561,1.0051510100979135,-0.25261325296617976,0.7826025273028863,0.19107741654136157,0.9582001089159848,-0.46928256116373335,0.4071692245872618,0.32557177620028493,12,0.887473802998549,1
2.0,35.0,30.0,0.17521347035375667,0.917538809989655,-0.46928256116373335,0.3733645459129355,0.15278515697789552,0.8266257278050999,-0.46928256116373335,0.32557177620028493,0.19769577020153561,1.0051510100979135,-0.25261325296617976,0.7826025273028863,0.19107741654136157,0.9582001089159848,-0.46928256116373335,0.4071692245872618,0.32557177620028493,12,0.887473802998549,1
2.0,10.0,70.0,0.09837990942837838,0.7737338266997659,-0.32708311726590844,0.30077953961897264,0.1064311782040599,0.7509969143496601,-0.32708311726590844,0.3253948999071531,0.09153647358119565,0.8230759256303735,-0.21271521375964553,0.43032405610924457,0.1049502138205598,0.8004605104648217,-0.32708311726590844,0.32086710771818444,0.3253948999071531,34,0.24649363211349348,752
1.0,15.0,70.0,0.09624119799154696,0.7440785293135818,-0.33571151398971477,0.286678275784415,0.1092159311896379,0.7540290988915067,-0.33571151398971477,0.32532673631498965,0.08481459905362199,0.7516951167120485,-0.2127139691150799,0.39872604233028364,0.0973556491184071,0.7407148081960601,-0.33571151398971477,0.2899979448467466,0.32532673631498965,31,0.270191842656779,502
3.0,15.0,70.0,0.09611538570915878,0.7244103593324532,-0.3357065613089103,0.28630773653755126,0.10775371908837239,0.7200665648404219,-0.3357065613089103,0.3209759102361411,0.08592816331909181,0.7533853137434289,-0.20553251428310748,0.41807576586510997,0.09550642862004399,0.7084449477215228,-0.3357065613089103,0.2844937800669345,0.3209759102361411,27,0.3088827986458165,359
0.0,30.0,30.0,0.1823672534419276,0.9536134019462162,-0.46928256116373335,0.3886086305651137,0.14817172669324674,0.8062148324583278,-0.46928256116373335,0.3157409606822134,0.216548767775677,1.0954093583140276,-0.22986796654908903,0.9420571775468868,0.2001794433615991,1.002004601439266,-0.46928256116373335,0.42656484584722554,0.3157409606822134,12,0.8873125906819281,4
0.0,35.0,30.0,0.1823672534419276,0.9536134019462162,-0.46928256116373335,0.3886086305651137,0.14817172669324674,0.8062148324583278,-0.46928256116373335,0.3157409606822134,0.216548767775677,1.0954093583140276,-0.22986796654908903,0.9420571775468868,0.2001794433615991,1.002004601439266,-0.46928256116373335,0.42656484584722554,0.3157409606822134,12,0.8873125906819281,4
1.0,30.0,30.0,0.1823672534419276,0.9536134019462162,-0.46928256116373335,0.3886086305651137,0.14817172669324674,0.8062148324583278,-0.46928256116373335,0.3157409606822134,0.216548767775677,1.0954093583140276,-0.22986796654908903,0.9420571775468868,0.2001794433615991,1.002004601439266,-0.46928256116373335,0.42656484584722554,0.3157409606822134,12,0.8873125906819281,3
1.0,35.0,30.0,0.1823672534419276,0.9536134019462162,-0.46928256116373335,0.3886086305651137,0.14817172669324674,0.8062148324583278,-0.46928256116373335,0.3157409606822134,0.216548767775677,1.0954093583140276,-0.22986796654908903,0.9420571775468868,0.2001794433615991,1.002004601439266,-0.46928256116373335,0.42656484584722554,0.3157409606822134,12,0.8873125906819281,3
1.0,30.0,40.0,0.1748291507012638,0.9281354405099996,-0.46928256116373335,0.3725455944233685,0.14817172669324674,0.8062148324583278,-0.46928256116373335,0.3157409606822134,0.20148818694829185,1.0482572201223148,-0.22986796654908903,0.8765387799489818,0.1905888303319736,0.9712487828483163,-0.46928256116373335,0.4061280902050756,0.3157409606822134,13,0.8620022569724327,13
1.0,35.0,40.0,0.1748291507012638,0.9281354405099996,-0.46928256116373335,0.3725455944233685,0.14817172669324674,0.8062148324583278,-0.46928256116373335,0.3157409606822134,0.20148818694829185,1.0482572201223148,-0.22986796654908903,0.8765387799489818,0.1905888303319736,0.9712487828483163,-0.46928256116373335,0.4061280902050756,0.3157409606822134,13,0.8620022569724327,13
3.0,30.0,40.0,0.17714322877652977,0.9379411526249489,-0.46928256116373335,0.3774766919470597,0.14765896287712166,0.8045334939407806,-0.46928256116373335,0.31464830593950677,0.20661227642630653,1.0686929920538966,-0.22986796654908903,0.8988302264473368,0.19353133595903604,0.9831497480169992,-0.46928256116373335,0.41239831175297537,0.31464830593950677,13,0.8620022569724327,7
3.0,35.0,40.0,0.17714322877652977,0.9379411526249489,-0.46928256116373335,0.3774766919470597,0.14765896287712166,0.8045334939407806,-0.46928256116373335,0.31464830593950677,0.20661227642630653,1.0686929920538966,-0.22986796654908903,0.8988302264473368,0.19353133595903604,0.9831497480169992,-0.46928256116373335,0.41239831175297537,0.31464830593950677,13,0.8620022569724327,7
1.0,10.0,60.0,0.08826093253656975,0.6941935989675565,-0.3270800816583418,0.26984502415761447,0.10255900822090158,0.7069915550770954,-0.3270800816583418,0.31355932070492665,0.07560230975638693,0.7035159787428965,-0.18949719933558917,0.3989626760789186,0.09303959367027725,0.7107527317605482,-0.3270800816583418,0.28445508879218045,0.31355932070492665,33,0.2648718362082863,544
1.0,10.0,70.0,0.08945299497922976,0.7175814325663971,-0.32708447675856145,0.2734859075726171,0.10134767317388182,0.7200477257629034,-0.32708447675856145,0.30985167556176,0.07902121105914639,0.7376722377739612,-0.18949719933558928,0.41700463825433165,0.0944208070609236,0.7373506976892241,-0.32708447675856145,0.2886740697591119,0.30985167556176,35,0.23133967435112043,866
6.0,10.0,70.0,0.10392029648951828,0.7776527709030192,-0.3270702037418053,0.31773085808683055,0.10112553966972482,0.6840777403708844,-0.3270702037418053,0.30918603563641955,0.10662146366128056,0.9171183624992788,-0.19922955328080727,0.5351689139763378,0.1044581237614568,0.7688651241285936,-0.3270702037418053,0.31937523677307456,0.30918603563641955,27,0.302111881347735,371
6.0,30.0,50.0,0.1730209658419346,0.9175144258230571,-0.46928256116373335,0.3686925109956672,0.14364473987549364,0.783740955959044,-0.46928256116373335,0.3060943486143645,0.2023802224814728,1.048998600408213,-0.22986796654908914,0.8804194230267129,0.1882906278074552,0.9583061083770127,-0.46928256116373335,0.4012308220883587,0.3060943486143645,12,0.8640980170885055,11
6.0,35.0,50.0,0.1730209658419346,0.9175144258230571,-0.46928256116373335,0.3686925109956672,0.14364473987549364,0.783740955959044,-0.46928256116373335,0.3060943486143645,0.2023802224814728,1.048998600408213,-0.22986796654908914,0.8804194230267129,0.1882906278074552,0.9583061083770127,-0.46928256116373335,0.4012308220883587,0.3060943486143645,12,0.8640980170885055,7
4.0,30.0,50.0,0.17286524226673805,0.9176898363044382,-0.46928256116373335,0.368360677707828,0.14364473987549364,0.783740955959044,-0.46928256116373335,0.3060943486143645,0.20206935182077967,1.049664088831157,-0.22986796654908914,0.8790670351087263,0.18809274531156395,0.9585330169652432,-0.46928256116373335,0.40080915183621774,0.3060943486143645,12,0.8640980170885055,12
4.0,35.0,50.0,0.17286524226673805,0.9176898363044382,-0.46928256116373335,0.368360677707828,0.14364473987549364,0.783740955959044,-0.46928256116373335,0.3060943486143645,0.20206935182077967,1.049664088831157,-0.22986796654908914,0.8790670351087263,0.18809274531156395,0.9585330169652432,-0.46928256116373335,0.40080915183621774,0.3060943486143645,12,0.8640980170885055,8
5.0,30.0,50.0,0.17286524226673805,0.9176898363044382,-0.46928256116373335,0.368360677707828,0.14364473987549364,0.783740955959044,-0.46928256116373335,0.3060943486143645,0.20206935182077967,1.049664088831157,-0.22986796654908914,0.8790670351087263,0.18809274531156395,0.9585330169652432,-0.46928256116373335,0.40080915183621774,0.3060943486143645,12,0.8640980170885055,12
5.0,35.0,50.0,0.17286524226673805,0.9176898363044382,-0.46928256116373335,0.368360677707828,0.14364473987549364,0.783740955959044,-0.46928256116373335,0.3060943486143645,0.20206935182077967,1.049664088831157,-0.22986796654908914,0.8790670351087263,0.18809274531156395,0.9585330169652432,-0.46928256116373335,0.40080915183621774,0.3060943486143645,12,0.8640980170885055,8
3.0,20.0,30.0,0.17067214754578441,0.8967292221884727,-0.46928256116373335,0.36368738510663867,0.14364473987549364,0.783740955959044,-0.46928256116373335,0.3060943486143645,0.19769543554707703,1.0051496747465942,-0.25261325296617976,0.7826012025328885,0.18530662604361692,0.9329950394669326,-0.46928256116373335,0.3948721759105879,0.3060943486143645,11,0.889569563114622,0
3.0,25.0,30.0,0.17067214754578441,0.8967292221884727,-0.46928256116373335,0.36368738510663867,0.14364473987549364,0.783740955959044,-0.46928256116373335,0.3060943486143645,0.19769543554707703,1.0051496747465942,-0.25261325296617976,0.7826012025328885,0.18530662604361692,0.9329950394669326,-0.46928256116373335,0.3948721759105879,0.3060943486143645,11,0.889569563114622,0
3.0,30.0,30.0,0.17067214754578441,0.8967292221884727,-0.46928256116373335,0.36368738510663867,0.14364473987549364,0.783740955959044,-0.46928256116373335,0.3060943486143645,0.19769543554707703,1.0051496747465942,-0.25261325296617976,0.7826012025328885,0.18530662604361692,0.9329950394669326,-0.46928256116373335,0.3948721759105879,0.3060943486143645,11,0.889569563114622,0
3.0,35.0,30.0,0.17067214754578441,0.8967292221884727,-0.46928256116373335,0.36368738510663867,0.14364473987549364,0.783740955959044,-0.46928256116373335,0.3060943486143645,0.19769543554707703,1.0051496747465942,-0.25261325296617976,0.7826012025328885,0.18530662604361692,0.9329950394669326,-0.46928256116373335,0.3948721759105879,0.3060943486143645,11,0.889569563114622,0
4.0,20.0,30.0,0.17067214754578441,0.8967292221884727,-0.46928256116373335,0.36368738510663867,0.14364473987549364,0.783740955959044,-0.46928256116373335,0.3060943486143645,0.19769543554707703,1.0051496747465942,-0.25261325296617976,0.7826012025328885,0.18530662604361692,0.9329950394669326,-0.46928256116373335,0.3948721759105879,0.3060943486143645,11,0.889569563114622,0
4.0,25.0,30.0,0.17067214754578441,0.8967292221884727,-0.46928256116373335,0.36368738510663867,0.14364473987549364,0.783740955959044,-0.46928256116373335,0.3060943486143645,0.19769543554707703,1.0051496747465942,-0.25261325296617976,0.7826012025328885,0.18530662604361692,0.9329950394669326,-0.46928256116373335,0.3948721759105879,0.3060943486143645,11,0.889569563114622,0
4.0,30.0,30.0,0.17067214754578441,0.8967292221884727,-0.46928256116373335,0.36368738510663867,0.14364473987549364,0.783740955959044,-0.46928256116373335,0.3060943486143645,0.19769543554707703,1.0051496747465942,-0.25261325296617976,0.7826012025328885,0.18530662604361692,0.9329950394669326,-0.46928256116373335,0.3948721759105879,0.3060943486143645,11,0.889569563114622,0
4.0,35.0,30.0,0.17067214754578441,0.8967292221884727,-0.46928256116373335,0.36368738510663867,0.14364473987549364,0.783740955959044,-0.46928256116373335,0.3060943486143645,0.19769543554707703,1.0051496747465942,-0.25261325296617976,0.7826012025328885,0.18530662604361692,0.9329950394669326,-0.46928256116373335,0.3948721759105879,0.3060943486143645,11,0.889569563114622,0
5.0,20.0,30.0,0.17067214754578441,0.8967292221884727,-0.46928256116373335,0.36368738510663867,0.14364473987549364,0.783740955959044,-0.46928256116373335,0.3060943486143645,0.19769543554707703,1.0051496747465942,-0.25261325296617976,0.7826012025328885,0.18530662604361692,0.9329950394669326,-0.46928256116373335,0.3948721759105879,0.3060943486143645,11,0.889569563114622,0
5.0,25.0,30.0,0.17067214754578441,0.8967292221884727,-0.46928256116373335,0.36368738510663867,0.14364473987549364,0.783740955959044,-0.46928256116373335,0.3060943486143645,0.19769543554707703,1.0051496747465942,-0.25261325296617976,0.7826012025328885,0.18530662604361692,0.9329950394669326,-0.46928256116373335,0.3948721759105879,0.3060943486143645,11,0.889569563114622,0
5.0,30.0,30.0,0.17067214754578441,0.8967292221884727,-0.46928256116373335,0.36368738510663867,0.14364473987549364,0.783740955959044,-0.46928256116373335,0.3060943486143645,0.19769543554707703,1.0051496747465942,-0.25261325296617976,0.7826012025328885,0.18530662604361692,0.9329950394669326,-0.46928256116373335,0.3948721759105879,0.3060943486143645,11,0.889569563114622,0
5.0,35.0,30.0,0.17067214754578441,0.8967292221884727,-0.46928256116373335,0.36368738510663867,0.14364473987549364,0.783740955959044,-0.46928256116373335,0.3060943486143645,0.19769543554707703,1.0051496747465942,-0.25261325296617976,0.7826012025328885,0.18530662604361692,0.9329950394669326,-0.46928256116373335,0.3948721759105879,0.3060943486143645,11,0.889569563114622,0
6.0,20.0,30.0,0.17067214754578441,0.8967292221884727,-0.46928256116373335,0.36368738510663867,0.14364473987549364,0.783740955959044,-0.46928256116373335,0.3060943486143645,0.19769543554707703,1.0051496747465942,-0.25261325296617976,0.7826012025328885,0.18530662604361692,0.9329950394669326,-0.46928256116373335,0.3948721759105879,0.3060943486143645,11,0.889569563114622,0
6.0,25.0,30.0,0.17067214754578441,0.8967292221884727,-0.46928256116373335,0.36368738510663867,0.14364473987549364,0.783740955959044,-0.46928256116373335,0.3060943486143645,0.19769543554707703,1.0051496747465942,-0.25261325296617976,0.7826012025328885,0.18530662604361692,0.9329950394669326,-0.46928256116373335,0.3948721759105879,0.3060943486143645,11,0.889569563114622,0
6.0,30.0,30.0,0.17067214754578441,0.8967292221884727,-0.46928256116373335,0.36368738510663867,0.14364473987549364,0.783740955959044,-0.46928256116373335,0.3060943486143645,0.19769543554707703,1.0051496747465942,-0.25261325296617976,0.7826012025328885,0.18530662604361692,0.9329950394669326,-0.46928256116373335,0.3948721759105879,0.3060943486143645,11,0.889569563114622,0
6.0,35.0,30.0,0.17067214754578441,0.8967292221884727,-0.46928256116373335,0.36368738510663867,0.14364473987549364,0.783740955959044,-0.46928256116373335,0.3060943486143645,0.19769543554707703,1.0051496747465942,-0.25261325296617976,0.7826012025328885,0.18530662604361692,0.9329950394669326,-0.46928256116373335,0.3948721759105879,0.3060943486143645,11,0.889569563114622,0
4.0,30.0,40.0,0.16320850594955916,0.8708473223976687,-0.46928256116373335,0.3477830191363439,0.14364473987549364,0.783740955959044,-0.46928256116373335,0.3060943486143645,0.18286805594796451,0.9566845738237642,-0.25261325296617976,0.7239052337940763,0.1758347343617166,0.9016645237072018,-0.46928256116373335,0.3746884050531927,0.3060943486143645,12,0.8642592294051266,3
4.0,35.0,40.0,0.16320850594955916,0.8708473223976687,-0.46928256116373335,0.3477830191363439,0.14364473987549364,0.783740955959044,-0.46928256116373335,0.3060943486143645,0.18286805594796451,0.9566845738237642,-0.25261325296617976,0.7239052337940763,0.1758347343617166,0.9016645237072018,-0.46928256116373335,0.3746884050531927,0.3060943486143645,12,0.8642592294051266,3
5.0,30.0,40.0,0.16320850594955916,0.8708473223976687,-0.46928256116373335,0.3477830191363439,0.14364473987549364,0.783740955959044,-0.46928256116373335,0.3060943486143645,0.18286805594796451,0.9566845738237642,-0.25261325296617976,0.7239052337940763,0.1758347343617166,0.9016645237072018,-0.46928256116373335,0.3746884050531927,0.3060943486143645,12,0.8642592294051266,3
5.0,35.0,40.0,0.16320850594955916,0.8708473223976687,-0.46928256116373335,0.3477830191363439,0.14364473987549364,0.783740955959044,-0.46928256116373335,0.3060943486143645,0.18286805594796451,0.9566845738237642,-0.25261325296617976,0.7239052337940763,0.1758347343617166,0.9016645237072018,-0.46928256116373335,0.3746884050531927,0.3060943486143645,12,0.8642592294051266,3
6.0,30.0,40.0,0.16320850594955916,0.8708473223976687,-0.46928256116373335,0.3477830191363439,0.14364473987549364,0.783740955959044,-0.46928256116373335,0.3060943486143645,0.18286805594796451,0.9566845738237642,-0.25261325296617976,0.7239052337940763,0.1758347343617166,0.9016645237072018,-0.46928256116373335,0.3746884050531927,0.3060943486143645,12,0.8642592294051266,3
6.0,35.0,40.0,0.16320850594955916,0.8708473223976687,-0.46928256116373335,0.3477830191363439,0.14364473987549364,0.783740955959044,-0.46928256116373335,0.3060943486143645,0.18286805594796451,0.9566845738237642,-0.25261325296617976,0.7239052337940763,0.1758347343617166,0.9016645237072018,-0.46928256116373335,0.3746884050531927,0.3060943486143645,12,0.8642592294051266,3
6.0,25.0,50.0,0.15379632008205935,0.8599479786541544,-0.46928256116373335,0.32772647613555705,0.14364473987549364,0.783740955959044,-0.46928256116373335,0.3060943486143645,0.16429782489497446,0.9451111214437348,-0.22986796654908914,0.7147486766490714,0.16391203772424023,0.88858982140173,-0.46928256116373335,0.34928218367579844,0.3060943486143645,13,0.7971949056907948,20
5.0,25.0,40.0,0.14414441550998913,0.8114369326965467,-0.46928256116373335,0.30715911358934334,0.14364473987549364,0.783740955959044,-0.46928256116373335,0.3060943486143645,0.14540314846596059,0.8449902796017901,-0.25261325296617976,0.5755958832667714,0.15171135566972804,0.8292954585586538,-0.46928256116373335,0.32328359974321685,0.3060943486143645,13,0.7973561180074158,9
6.0,25.0,40.0,0.14414441550998913,0.8114369326965467,-0.46928256116373335,0.30715911358934334,0.14364473987549364,0.783740955959044,-0.46928256116373335,0.3060943486143645,0.14540314846596059,0.8449902796017901,-0.25261325296617976,0.5755958832667714,0.15171135566972804,0.8292954585586538,-0.46928256116373335,0.32328359974321685,0.3060943486143645,13,0.7973561180074158,9
6.0,30.0,70.0,0.1729006406410416,0.926358691297669,-0.46928293114599173,0.368435818065697,0.14340355173148644,0.7985101420986017,-0.46928293114599173,0.3055801569029884,0.2023802127446357,1.04899855649148,-0.22986796654908903,0.8804193806683227,0.1882905149304146,0.9583056490502797,-0.46928293114599173,0.4012302652274355,0.3055801569029884,13,0.8313719168144447,15
5.0,30.0,70.0,0.17201892538305774,0.920817823812886,-0.4692833045482182,0.36655666996008174,0.1431608017413284,0.7974036277142736,-0.4692833045482182,0.30506263562721486,0.20086188188819865,1.0388462807564691,-0.22986796654908892,0.8738141503735974,0.18732375194569917,0.9523365163580629,-0.4692833045482182,0.3991698620645302,0.30506263562721486,13,0.8312107044978236,20
0.0,15.0,60.0,0.09078265530118346,0.6967188299671397,-0.3357037564048284,0.2704249016257887,0.10199083829420874,0.6959323040912346,-0.3357037564048284,0.3038120257767298,0.08098968081039981,0.7194600527607529,-0.21271892562444084,0.38073566126122965,0.09033596239619812,0.682084412628052,-0.3357037564048284,0.26909428528187546,0.3038120257767298,30,0.2935676285668225,418
4.0,35.0,60.0,0.17231332115035736,0.9243191216121673,-0.469284266497496,0.36718324787749257,0.14253850002456359,0.7939839602149867,-0.469284266497496,0.3037359447151296,0.20206930632488018,1.0496638937970553,-0.22986796654908914,0.879066837186849,0.18809222472047615,0.9585309008793836,-0.469284266497496,0.4008065860044762,0.3037359447151296,13,0.8321779783975496,13
4.0,35.0,70.0,0.17231332115035736,0.9243191216121673,-0.469284266497496,0.36718324787749257,0.14253850002456359,0.7939839602149867,-0.469284266497496,0.3037359447151296,0.20206930632488018,1.0496638937970553,-0.22986796654908914,0.879066837186849,0.18809222472047615,0.9585309008793836,-0.469284266497496,0.4008065860044762,0.3037359447151296,13,0.8321779783975496,13
5.0,30.0,60.0,0.1716013507780867,0.9187992706241935,-0.4692846003671137,0.36566584678859215,0.14232353803853437,0.7932684388840571,-0.4692846003671137,0.3032776654661094,0.2008618474837729,1.0388461255824344,-0.22986796654908903,0.8738140007032177,0.18732335670691613,0.952334909970187,-0.4692846003671137,0.39916791763543086,0.3032776654661094,13,0.8316943414476866,18
6.0,30.0,60.0,0.17227619330498256,0.9232197371859874,-0.46928486693182414,0.367103662283681,0.14215228641209654,0.7921364463106927,-0.46928486693182414,0.30291257278651573,0.20238016179991125,1.0489983267118983,-0.22986796654908903,0.8804191590422945,0.18828992434268232,0.9583032457853523,-0.46928486693182414,0.401227351680267,0.30291257278651573,13,0.8325004030307915,14
6.0,35.0,60.0,0.17227619330498256,0.9232197371859874,-0.46928486693182414,0.367103662283681,0.14215228641209654,0.7921364463106927,-0.46928486693182414,0.30291257278651573,0.20238016179991125,1.0489983267118983,-0.22986796654908903,0.8804191590422945,0.18828992434268232,0.9583032457853523,-0.46928486693182414,0.401227351680267,0.30291257278651573,13,0.8325004030307915,10
6.0,35.0,70.0,0.17227619330498256,0.9232197371859874,-0.46928486693182414,0.367103662283681,0.14215228641209654,0.7921364463106927,-0.46928486693182414,0.30291257278651573,0.20238016179991125,1.0489983267118983,-0.22986796654908903,0.8804191590422945,0.18828992434268232,0.9583032457853523,-0.46928486693182414,0.401227351680267,0.30291257278651573,13,0.8325004030307915,10
5.0,35.0,60.0,0.17212056817652321,0.9234182216869954,-0.46928486693182414,0.3667720404065964,0.14215228641209654,0.7921364463106927,-0.46928486693182414,0.30291257278651573,0.20206929030595822,1.0496638251263213,-0.22986796654908903,0.8790667674993579,0.1880920414235201,0.9585301558165035,-0.46928486693182414,0.40080568259799726,0.30291257278651573,13,0.8325004030307915,11
5.0,35.0,70.0,0.17212056817652321,0.9234182216869954,-0.46928486693182414,0.3667720404065964,0.14215228641209654,0.7921364463106927,-0.46928486693182414,0.30291257278651573,0.20206929030595822,1.0496638251263213,-0.22986796654908903,0.8790667674993579,0.1880920414235201,0.9585301558165035,-0.46928486693182414,0.40080568259799726,0.30291257278651573,13,0.8325004030307915,11
0.0,30.0,40.0,0.16824125521946165,0.8974691886588048,-0.46928256116373335,0.3585073666540147,0.1410798575914316,0.7741191900491412,-0.46928256116373335,0.3006288093075094,0.19539597912928364,1.018509076258525,-0.22986796654908903,0.8500357055516746,0.1822199588535538,0.9339888944328497,-0.46928256116373335,0.38829475870929925,0.3006288093075094,13,0.8618410446558117,17
0.0,35.0,40.0,0.16824125521946165,0.8974691886588048,-0.46928256116373335,0.3585073666540147,0.1410798575914316,0.7741191900491412,-0.46928256116373335,0.3006288093075094,0.19539597912928364,1.018509076258525,-0.22986796654908903,0.8500357055516746,0.1822199588535538,0.9339888944328497,-0.46928256116373335,0.38829475870929925,0.3006288093075094,13,0.8618410446558117,17
4.0,10.0,70.0,0.09590659334039953,0.7350634853965862,-0.3270721680631571,0.2932276197890373,0.09764588667579077,0.6684430342471961,-0.3270721680631571,0.2985453860352175,0.09430493822567887,0.8438705809994745,-0.1992318568024054,0.47334266587300255,0.0956008592036135,0.7223986070937327,-0.3270721680631571,0.29229285930912086,0.2985453860352175,29,0.27599548605513463,552
5.0,10.0,70.0,0.09568098932654845,0.7319744302081251,-0.32707288822160985,0.29253720736926175,0.09693827158333068,0.6643391548783413,-0.32707288822160985,0.2963812504008271,0.09453461482582481,0.8403291848729428,-0.19923188990246066,0.4744953976600171,0.09574844849952835,0.7215003377500242,-0.32707288822160985,0.2927434585609967,0.2963812504008271,28,0.27921973238755443,459
2.0,20.0,40.0,0.15686818140144676,0.8849186252403829,-0.4911397549226685,0.3193962203816023,0.14544611342963187,0.8018972821409392,-0.4911397549226685,0.29613997232321954,0.16859938665622431,0.9769308374721102,-0.22986796654908892,0.7334618615518116,0.16780054605335537,0.9193633770818991,-0.4911397549226685,0.341655393137084,0.29613997232321954,17,0.7826857971949057,32
3.0,20.0,40.0,0.15425985896594852,0.8692828274801272,-0.4911397549226685,0.31408546634600415,0.1403522348286106,0.779490645308306,-0.4911397549226685,0.28576842624093723,0.16839558169931368,0.9665267365105176,-0.22986796654908903,0.73257524407322,0.16449863875886517,0.9001223648927715,-0.4911397549226685,0.3349324446048274,0.28576842624093723,16,0.7875221666935354,24
2.0,25.0,40.0,0.1554605273535581,0.8729736646748253,-0.5018253269176314,0.3097901182238956,0.1427924273805632,0.7874330282317689,-0.5018253269176314,0.2845460755391504,0.1683957342265987,0.9665274643838998,-0.22986796654908892,0.7325759076162417,0.16601834402724913,0.9046086589119,-0.5018253269176314,0.3308289460936256,0.2845460755391504,16,0.7892955021763662,20
3.0,25.0,40.0,0.1548824536097606,0.8691393397307625,-0.5018253269176314,0.3086381760783124,0.1416172374615292,0.780274180043074,-0.5018253269176314,0.28220424491403556,0.16839566129867944,0.9665271163656474,-0.22986796654908903,0.7325755903562057,0.1652866166238427,0.8998940083918029,-0.5018253269176314,0.3293708144207965,0.28220424491403556,15,0.7913912622924392,14
0.0,10.0,70.0,0.08377034470976441,0.6847384729042744,-0.3270850433904179,0.2561118167967521,0.0921794314875588,0.6742791893575394,-0.3270850433904179,0.28182099227793445,0.07657742712149451,0.7181157464147977,-0.18949719933558928,0.40410849020454404,0.08756181319638023,0.6989543346853279,-0.3270850433904179,0.26770350698018314,0.28182099227793445,36,0.22231178462034498,965
0.0,10.0,60.0,0.08187829990837825,0.6535244045669756,-0.32708062459394016,0.2503306333416339,0.09191574632947241,0.6484452162500174,-0.32708062459394016,0.2810186217651467,0.07316525059359869,0.6840859201574612,-0.18949719933558917,0.38610201549220274,0.08530050764503083,0.6628614257902403,-0.32708062459394016,0.26079352071352013,0.2810186217651467,34,0.2526197001450911,606
4.0,20.0,40.0,0.1405955994130914,0.7991113259625364,-0.4911397549226685,0.28626393608725204,0.13636356255285853,0.7584924560055959,-0.4911397549226685,0.27764716903100095,0.1454025816073281,0.8449875892597396,-0.25261325296617976,0.5755936392885722,0.14723197241328645,0.8141927996271949,-0.4911397549226685,0.29977612469279463,0.27764716903100095,15,0.7897791391262292,20
5.0,20.0,40.0,0.1405955994130914,0.7991113259625364,-0.4911397549226685,0.28626393608725204,0.13636356255285853,0.7584924560055959,-0.4911397549226685,0.27764716903100095,0.1454025816073281,0.8449875892597396,-0.25261325296617976,0.5755936392885722,0.14723197241328645,0.8141927996271949,-0.4911397549226685,0.29977612469279463,0.27764716903100095,15,0.7897791391262292,19
6.0,20.0,40.0,0.1405955994130914,0.7991113259625364,-0.4911397549226685,0.28626393608725204,0.13636356255285853,0.7584924560055959,-0.4911397549226685,0.27764716903100095,0.1454025816073281,0.8449875892597396,-0.25261325296617976,0.5755936392885722,0.14723197241328645,0.8141927996271949,-0.4911397549226685,0.29977612469279463,0.27764716903100095,15,0.7897791391262292,19
4.0,25.0,40.0,0.14121102955673392,0.79931249131899,-0.5018253269176314,0.2813947841654314,0.13762453775683192,0.7594804632037366,-0.5018253269176314,0.2742478913971222,0.14540268317871585,0.8449880713237502,-0.25261325296617976,0.5755940413711492,0.1480085262497408,0.8144679775823922,-0.5018253269176314,0.29494032746185933,0.2742478913971222,14,0.793648234725133,10
2.0,25.0,30.0,0.16904824638567706,0.8935157616235991,-0.5142593499884625,0.32872177509163364,0.14038535843415767,0.7758483723533705,-0.5142593499884625,0.2729855245943652,0.19769530756770393,1.0051491640770587,-0.25261325296617965,0.7826006959111197,0.18324446869512445,0.9291280314731796,-0.5142593499884625,0.356326955842875,0.2729855245943652,14,0.8819925842334354,4
2.0,20.0,30.0,0.14999124302527966,0.8390925468168143,-0.5142593499884625,0.2916645910835549,0.14038535843415767,0.7758483723533705,-0.5142593499884625,0.2729855245943652,0.15996271804676554,0.9071284830148449,-0.25261325296617965,0.6332316937788757,0.15909904137750774,0.8630762682845516,-0.5142593499884625,0.3093751069009774,0.2729855245943652,16,0.810253103337095,6
0.0,25.0,30.0,0.17701203039223445,0.9342864663894122,-0.5055571354734538,0.3501325922864541,0.13750496176014493,0.7645560278178549,-0.5055571354734538,0.27198698645875435,0.21654840632864558,1.0954078809653105,-0.22986796654908903,0.9420556051353984,0.193364469021011,0.9786479367227071,-0.5055571354734538,0.38247797420547797,0.27198698645875435,14,0.8805416733838465,10
0.0,20.0,30.0,0.15782552019810847,0.88169620875809,-0.5055571354734538,0.31218137204275637,0.13750496176014493,0.7645560278178549,-0.5055571354734538,0.27198698645875435,0.1782224832594257,1.006120600055995,-0.22986796654908903,0.7753254441451968,0.16901292842822935,0.9152436595349285,-0.5055571354734538,0.3343102422438344,0.27198698645875435,16,0.8088021924875061,12
1.0,25.0,30.0,0.17633192340611914,0.9303986543645717,-0.5125509397769269,0.34402809500820064,0.13615395757878557,0.7569172961834664,-0.5125509397769269,0.2656398555001044,0.21654835733517186,1.095407680713004,-0.22986796654908892,0.9420553919979423,0.19249953902420658,0.9739127204612511,-0.5125509397769269,0.3755715268183617,0.2656398555001044,14,0.8816701596001935,7
1.0,20.0,30.0,0.15715647500358987,0.8776349548699249,-0.5125509397769269,0.30661630446329435,0.13615395757878557,0.7569172961834664,-0.5125509397769269,0.2656398555001044,0.1782223869176438,1.006120140849783,-0.22986796654908892,0.7753250250272864,0.16816561678778985,0.9102556260422792,-0.5125509397769269,0.3280954218150085,0.2656398555001044,16,0.8099306787038529,9
3.0,10.0,70.0,0.09120551210411132,0.7177247914723552,-0.3270721680631571,0.278854396704582,0.08451891666422506,0.6087240341174605,-0.3270721680631571,0.25841060449969133,0.09761878921022404,0.8720875662597687,-0.19923926745465392,0.48995757943369117,0.08970858807955784,0.7002090760373353,-0.3270721680631571,0.2742776574686577,0.25841060449969133,31,0.23456392068354023,642
6.0,10.0,30.0,0.1606536256665816,0.8676746517244758,-0.46928256116373335,0.34233879321701305,0.11537395905232284,0.676206158958038,-0.46928256116373335,0.24585179292879947,0.20607282688118178,1.0428688463792835,-0.25261325296617965,0.815764115546112,0.172595955520773,0.8978327365053168,-0.46928256116373335,0.3677868512581571,0.24585179292879947,13,0.8458810253103337,3
6.0,15.0,30.0,0.1606536256665816,0.8676746517244758,-0.46928256116373335,0.34233879321701305,0.11537395905232284,0.676206158958038,-0.46928256116373335,0.24585179292879947,0.20607282688118178,1.0428688463792835,-0.25261325296617965,0.815764115546112,0.172595955520773,0.8978327365053168,-0.46928256116373335,0.3677868512581571,0.24585179292879947,13,0.8458810253103337,3
3.0,10.0,30.0,0.13853221261878867,0.797662820061766,-0.4692859522572501,0.2951978680641371,0.11324148585362259,0.6709121529968574,-0.4692859522572501,0.24130593577100432,0.16381372668711225,0.9234611691912397,-0.25261325296617965,0.6484763755013437,0.14596523400747596,0.814734196979587,-0.4692859522572501,0.3110368706017897,0.24130593577100432,14,0.7744639690472352,6
3.0,15.0,30.0,0.13853221261878867,0.797662820061766,-0.4692859522572501,0.2951978680641371,0.11324148585362259,0.6709121529968574,-0.4692859522572501,0.24130593577100432,0.16381372668711225,0.9234611691912397,-0.25261325296617965,0.6484763755013437,0.14596523400747596,0.814734196979587,-0.4692859522572501,0.3110368706017897,0.24130593577100432,14,0.7744639690472352,6
4.0,10.0,30.0,0.13853221261878867,0.797662820061766,-0.4692859522572501,0.2951978680641371,0.11324148585362259,0.6709121529968574,-0.4692859522572501,0.24130593577100432,0.16381372668711225,0.9234611691912397,-0.25261325296617965,0.6484763755013437,0.14596523400747596,0.814734196979587,-0.4692859522572501,0.3110368706017897,0.24130593577100432,14,0.7744639690472352,5
4.0,15.0,30.0,0.13853221261878867,0.797662820061766,-0.4692859522572501,0.2951978680641371,0.11324148585362259,0.6709121529968574,-0.4692859522572501,0.24130593577100432,0.16381372668711225,0.9234611691912397,-0.25261325296617965,0.6484763755013437,0.14596523400747596,0.814734196979587,-0.4692859522572501,0.3110368706017897,0.24130593577100432,14,0.7744639690472352,5
5.0,10.0,30.0,0.13853221261878867,0.797662820061766,-0.4692859522572501,0.2951978680641371,0.11324148585362259,0.6709121529968574,-0.4692859522572501,0.24130593577100432,0.16381372668711225,0.9234611691912397,-0.25261325296617965,0.6484763755013437,0.14596523400747596,0.814734196979587,-0.4692859522572501,0.3110368706017897,0.24130593577100432,14,0.7744639690472352,5
5.0,15.0,30.0,0.13853221261878867,0.797662820061766,-0.4692859522572501,0.2951978680641371,0.11324148585362259,0.6709121529968574,-0.4692859522572501,0.24130593577100432,0.16381372668711225,0.9234611691912397,-0.25261325296617965,0.6484763755013437,0.14596523400747596,0.814734196979587,-0.4692859522572501,0.3110368706017897,0.24130593577100432,14,0.7744639690472352,5
2.0,15.0,40.0,0.11487485280607945,0.7493737141232059,-0.4801383721367747,0.23925363910167882,0.11032989719022535,0.6735386357022577,-0.4801383721367747,0.22978771036195417,0.11995241539094192,0.8510360150289054,-0.21270917646899035,0.5639268478312646,0.11617455776641061,0.7549458786795497,-0.4801383721367747,0.24196057742561874,0.22978771036195417,21,0.556021280025794,54
2.0,10.0,40.0,0.11643675807122711,0.7597823701071998,-0.48014390771999993,0.24250387477399424,0.1080099513838948,0.6624226097136353,-0.48014390771999993,0.22495328931025765,0.12523756459290136,0.8876641796329573,-0.21271008759967014,0.5887711579932402,0.11956224294150442,0.7753123820505765,-0.48014390771999993,0.24901334999595198,0.22495328931025765,21,0.5537643075931001,75
3.0,15.0,40.0,0.11358615118704396,0.7398792258270526,-0.4801383721367747,0.23656961779902738,0.10605960752911026,0.6507401814188142,-0.4801383721367747,0.22089383745171187,0.1215185714186453,0.85629255098736,-0.20552876969142497,0.5912484738807604,0.1145563363654305,0.7430628331970768,-0.4801383721367747,0.23859025442106802,0.22089383745171187,20,0.5624697726906336,42
6.0,15.0,40.0,0.12886302360679802,0.7608024912231109,-0.4801334247192871,0.26839002863035116,0.10430624681122946,0.6344661760987428,-0.4801334247192871,0.21724429385896793,0.15341169637138719,0.8865255606932684,-0.25261325296617965,0.6072986851245142,0.1324481666789994,0.7669542960519196,-0.4801334247192871,0.27585700111679584,0.21724429385896793,17,0.7406093825568273,26
3.0,10.0,40.0,0.11624420889909026,0.7573256242640778,-0.48014390771999993,0.24210285089544253,0.10374878207593641,0.639628155503245,-0.48014390771999993,0.216078513978435,0.12897276279300374,0.9092579430323552,-0.19665194347321713,0.6558428079332411,0.11932003426629323,0.7722018684319164,-0.48014390771999993,0.24850889982733207,0.216078513978435,20,0.5573109785587619,62
2.0,10.0,30.0,0.13720305384928522,0.7953238919134719,-0.5142641790559233,0.2667948876026327,0.11006268449313783,0.661618670106212,-0.5142641790559233,0.21401973727819987,0.16431842436015343,0.9261773087819476,-0.25261325296617976,0.650474282052623,0.1442872728204605,0.8118360727846551,-0.5142641790559233,0.2805703346582304,0.21401973727819987,17,0.7665645655328067,13
2.0,15.0,30.0,0.13720305384928522,0.7953238919134719,-0.5142641790559233,0.2667948876026327,0.11006268449313783,0.661618670106212,-0.5142641790559233,0.21401973727819987,0.16431842436015343,0.9261773087819476,-0.25261325296617976,0.650474282052623,0.1442872728204605,0.8118360727846551,-0.5142641790559233,0.2805703346582304,0.21401973727819987,17,0.7665645655328067,13
4.0,15.0,40.0,0.10232786533283722,0.6711549575193114,-0.4801383721367747,0.2131216150824279,0.1021942246129981,0.6287658466797404,-0.4801383721367747,0.21284327715404203,0.10319300095804418,0.7300746472098478,-0.25261325296617965,0.40850192832859744,0.10043962248315297,0.6574581381628215,-0.4801383721367747,0.2091889095140707,0.21284327715404203,19,0.5648879574399485,34
5.0,15.0,40.0,0.10232786533283722,0.6711549575193114,-0.4801383721367747,0.2131216150824279,0.1021942246129981,0.6287658466797404,-0.4801383721367747,0.21284327715404203,0.10319300095804418,0.7300746472098478,-0.25261325296617965,0.40850192832859744,0.10043962248315297,0.6574581381628215,-0.4801383721367747,0.2091889095140707,0.21284327715404203,19,0.5648879574399485,32
0.0,10.0,30.0,0.14495047853038368,0.8388658233931705,-0.5055619887425682,0.28671158385721196,0.10725903012306981,0.6494392371815885,-0.5055619887425682,0.21215801921707772,0.1826471373234977,1.0252407482107935,-0.22986796654908903,0.7945741203765894,0.15407481049375837,0.8650162869220785,-0.5055619887425682,0.30475948335627967,0.21215801921707772,17,0.7651136546832178,19
0.0,15.0,30.0,0.14495047853038368,0.8388658233931705,-0.5055619887425682,0.28671158385721196,0.10725903012306981,0.6494392371815885,-0.5055619887425682,0.21215801921707772,0.1826471373234977,1.0252407482107935,-0.22986796654908903,0.7945741203765894,0.15407481049375837,0.8650162869220785,-0.5055619887425682,0.30475948335627967,0.21215801921707772,17,0.7651136546832178,19
6.0,10.0,40.0,0.1075469161067737,0.6827120913934714,-0.48013972156182316,0.22399087448324326,0.10162715273730272,0.6256943045901573,-0.48013972156182316,0.21166162300991198,0.11393170002335595,0.7494748388018055,-0.25261325296617965,0.4510123625168999,0.1073264298454637,0.6745323081857642,-0.48013972156182316,0.22353166177617376,0.21166162300991198,18,0.6161534741254232,41
4.0,10.0,40.0,0.10302978286373343,0.6780261677353904,-0.48014390771999993,0.21458104790494634,0.09989170631576694,0.6176884500684793,-0.48014390771999993,0.2080453478835342,0.10675177865981267,0.759212534328214,-0.25261325296617954,0.4225897786689159,0.10272300520744149,0.6731830094195249,-0.48014390771999993,0.21394211934340587,0.2080453478835342,19,0.5595679509914557,52
5.0,10.0,40.0,0.10302978286373343,0.6780261677353904,-0.48014390771999993,0.21458104790494634,0.09989170631576694,0.6176884500684793,-0.48014390771999993,0.2080453478835342,0.10675177865981267,0.759212534328214,-0.25261325296617954,0.4225897786689159,0.10272300520744149,0.6731830094195249,-0.48014390771999993,0.21394211934340587,0.2080453478835342,19,0.5595679509914557,49
1.0,10.0,30.0,0.1442887315792316,0.8347223829620773,-0.5125557735956328,0.28150835287061726,0.10594370211690363,0.6415894062620897,-0.5125557735956328,0.2066969246560182,0.18264700551215274,1.0252401371084832,-0.22986796654908892,0.7945735469546079,0.15323814718826245,0.8599440531116584,-0.5125557735956328,0.2989687270777982,0.2066969246560182,17,0.7662421408995648,16
1.0,15.0,30.0,0.1442887315792316,0.8347223829620773,-0.5125557735956328,0.28150835287061726,0.10594370211690363,0.6415894062620897,-0.5125557735956328,0.2066969246560182,0.18264700551215274,1.0252401371084832,-0.22986796654908892,0.7945735469546079,0.15323814718826245,0.8599440531116584,-0.5125557735956328,0.2989687270777982,0.2066969246560182,17,0.7662421408995648,16
