Date,Open,High,Low,Close,Adj Close,Volume,Dividends,Stock Splits,Capital Gains
2014-07-21,35.915000915527344,35.915000915527344,35.915000915527344,35.915000915527344,35.915000915527344,0.0,0.0,0.0,0.0
2014-07-22,36.314998626708984,37.435001373291016,36.314998626708984,37.435001373291016,37.435001373291016,100.0,0.0,0.0,0.0
2014-07-23,37.435001373291016,37.435001373291016,37.435001373291016,37.435001373291016,37.435001373291016,0.0,0.0,0.0,0.0
2014-07-24,39.27000045776367,39.27000045776367,39.27000045776367,39.27000045776367,39.27000045776367,0.0,0.0,0.0,0.0
2014-07-25,41.07500076293945,41.07500076293945,41.07500076293945,41.07500076293945,41.07500076293945,0.0,0.0,0.0,0.0
2014-07-28,41.07500076293945,41.07500076293945,41.07500076293945,41.07500076293945,41.07500076293945,0.0,0.0,0.0,0.0
2014-07-29,41.07500076293945,41.07500076293945,41.07500076293945,41.07500076293945,41.07500076293945,0.0,0.0,0.0,0.0
2014-07-30,41.21500015258789,41.21500015258789,41.21500015258789,41.21500015258789,41.21500015258789,0.0,0.0,0.0,0.0
2014-07-31,41.665000915527344,41.665000915527344,41.665000915527344,41.665000915527344,41.665000915527344,0.0,0.0,0.0,0.0
2014-08-01,41.665000915527344,41.665000915527344,41.665000915527344,41.665000915527344,41.665000915527344,0.0,0.0,0.0,0.0
2014-08-04,40.805999755859375,40.805999755859375,40.805999755859375,40.805999755859375,40.805999755859375,0.0,0.0,0.0,0.0
2014-08-05,41.665000915527344,41.665000915527344,41.665000915527344,41.665000915527344,41.665000915527344,0.0,0.0,0.0,0.0
2014-08-06,41.04999923706055,41.04999923706055,41.04999923706055,41.04999923706055,41.04999923706055,0.0,0.0,0.0,0.0
2014-08-07,41.124000549316406,41.124000549316406,41.124000549316406,41.124000549316406,41.124000549316406,0.0,0.0,0.0,0.0
2014-08-08,40.69300079345703,40.69300079345703,40.69300079345703,40.69300079345703,40.69300079345703,0.0,0.0,0.0,0.0
2014-08-11,41.665000915527344,41.665000915527344,41.665000915527344,41.665000915527344,41.665000915527344,0.0,0.0,0.0,0.0
2014-08-12,42.013999938964844,42.89699935913086,42.013999938964844,42.89699935913086,42.89699935913086,30.0,0.0,0.0,0.0
2014-08-13,41.402000427246094,41.402000427246094,41.402000427246094,41.402000427246094,41.402000427246094,0.0,0.0,0.0,0.0
2014-08-14,41.52000045776367,41.52000045776367,41.52000045776367,41.52000045776367,41.52000045776367,0.0,0.0,0.0,0.0
2014-08-15,41.66600036621094,41.66600036621094,41.66600036621094,41.66600036621094,41.66600036621094,0.0,0.0,0.0,0.0
2014-08-18,41.96900177001953,41.96900177001953,41.96900177001953,41.96900177001953,41.96900177001953,0.0,0.0,0.0,0.0
2014-08-19,42.77000045776367,42.77000045776367,42.77000045776367,42.77000045776367,42.77000045776367,0.0,0.0,0.0,0.0
2014-08-20,42.89699935913086,42.89699935913086,42.89699935913086,42.89699935913086,42.89699935913086,0.0,0.0,0.0,0.0
2014-08-21,43.016998291015625,43.016998291015625,43.016998291015625,43.016998291015625,43.016998291015625,0.0,0.0,0.0,0.0
2014-08-22,43.02000045776367,43.02000045776367,43.02000045776367,43.02000045776367,43.02000045776367,0.0,0.0,0.0,0.0
2014-08-25,43.042999267578125,43.042999267578125,43.042999267578125,43.042999267578125,43.042999267578125,0.0,0.0,0.0,0.0
2014-08-26,44.27000045776367,44.27000045776367,44.27000045776367,44.27000045776367,44.27000045776367,0.0,0.0,0.0,0.0
2014-08-27,44.33300018310547,44.33300018310547,44.33300018310547,44.33300018310547,44.33300018310547,0.0,0.0,0.0,0.0
2014-08-28,44.03300094604492,44.03300094604492,44.03300094604492,44.03300094604492,44.03300094604492,0.0,0.0,0.0,0.0
2014-08-29,43.63600158691406,43.63600158691406,43.63600158691406,43.63600158691406,43.63600158691406,0.0,0.0,0.0,0.0
2014-09-02,44.33000183105469,44.33000183105469,44.33000183105469,44.33000183105469,44.33000183105469,0.0,0.0,0.0,0.0
2014-09-03,44.435001373291016,44.435001373291016,44.435001373291016,44.435001373291016,44.435001373291016,0.0,0.0,0.0,0.0
2014-09-04,44.78200149536133,44.78200149536133,44.78200149536133,44.78200149536133,44.78200149536133,0.0,0.0,0.0,0.0
2014-09-05,44.24100112915039,44.24100112915039,44.24100112915039,44.24100112915039,44.24100112915039,0.0,0.0,0.0,0.0
2014-09-08,44.941001892089844,44.941001892089844,44.941001892089844,44.941001892089844,44.941001892089844,0.0,0.0,0.0,0.0
2014-09-09,45.470001220703125,45.470001220703125,45.470001220703125,45.470001220703125,45.470001220703125,0.0,0.0,0.0,0.0
2014-09-10,45.35900115966797,45.35900115966797,45.35900115966797,45.35900115966797,45.35900115966797,0.0,0.0,0.0,0.0
2014-09-11,45.54800033569336,45.54800033569336,45.54800033569336,45.54800033569336,45.54800033569336,0.0,0.0,0.0,0.0
2014-09-12,44.95399856567383,44.95399856567383,44.95399856567383,44.95399856567383,44.95399856567383,0.0,0.0,0.0,0.0
2014-09-15,44.67399978637695,44.67399978637695,44.67399978637695,44.67399978637695,44.67399978637695,0.0,0.0,0.0,0.0
2014-09-16,43.96200180053711,43.96200180053711,43.96200180053711,43.96200180053711,43.96200180053711,0.0,0.0,0.0,0.0
2014-09-17,44.36000061035156,44.36000061035156,44.36000061035156,44.36000061035156,44.36000061035156,0.0,0.0,0.0,0.0
2014-09-18,44.75600051879883,44.75600051879883,44.75600051879883,44.75600051879883,44.75600051879883,0.0,0.0,0.0,0.0
2014-09-19,46.875,46.875,46.875,46.875,46.875,0.0,0.0,0.0,0.0
2014-09-22,47.05799865722656,47.05799865722656,47.05799865722656,47.05799865722656,47.05799865722656,0.0,0.0,0.0,0.0
2014-09-23,47.05500030517578,47.05500030517578,47.05500030517578,47.05500030517578,47.05500030517578,0.0,0.0,0.0,0.0
2014-09-24,45.25199890136719,45.25199890136719,45.25199890136719,45.25199890136719,45.25199890136719,0.0,0.0,0.0,0.0
2014-09-25,47.05500030517578,47.05500030517578,47.05500030517578,47.05500030517578,47.05500030517578,0.0,0.0,0.0,0.0
2014-09-26,46.19900131225586,46.19900131225586,46.19900131225586,46.19900131225586,46.19900131225586,0.0,0.0,0.0,0.0
2014-09-29,47.42499923706055,47.42499923706055,47.42499923706055,47.42499923706055,47.42499923706055,0.0,0.0,0.0,0.0
2014-09-30,47.935001373291016,47.935001373291016,47.935001373291016,47.935001373291016,47.935001373291016,0.0,0.0,0.0,0.0
2014-10-01,48.047000885009766,48.047000885009766,48.047000885009766,48.047000885009766,48.047000885009766,0.0,0.0,0.0,0.0
2014-10-02,48.005001068115234,48.005001068115234,48.005001068115234,48.005001068115234,48.005001068115234,0.0,0.0,0.0,0.0
2014-10-03,48.005001068115234,48.005001068115234,48.005001068115234,48.005001068115234,48.005001068115234,0.0,0.0,0.0,0.0
2014-10-06,48.86800003051758,48.86800003051758,48.86800003051758,48.86800003051758,48.86800003051758,0.0,0.0,0.0,0.0
2014-10-07,48.66699981689453,48.66699981689453,48.66699981689453,48.66699981689453,48.66699981689453,0.0,0.0,0.0,0.0
2014-10-08,48.10100173950195,48.10100173950195,48.10100173950195,48.10100173950195,48.10100173950195,0.0,0.0,0.0,0.0
2014-10-09,48.2599983215332,48.2599983215332,48.2599983215332,48.2599983215332,48.2599983215332,0.0,0.0,0.0,0.0
2014-10-10,48.03099822998047,48.03099822998047,48.03099822998047,48.03099822998047,48.03099822998047,0.0,0.0,0.0,0.0
2014-10-13,48.35499954223633,48.35499954223633,48.35499954223633,48.35499954223633,48.35499954223633,0.0,0.0,0.0,0.0
2014-10-14,48.42300033569336,48.42300033569336,48.42300033569336,48.42300033569336,48.42300033569336,0.0,0.0,0.0,0.0
2014-10-15,48.88600158691406,48.88600158691406,48.88600158691406,48.88600158691406,48.88600158691406,0.0,0.0,0.0,0.0
2014-10-16,49.42900085449219,49.42900085449219,49.42900085449219,49.42900085449219,49.42900085449219,0.0,0.0,0.0,0.0
2014-10-17,48.88800048828125,48.88800048828125,48.88800048828125,48.88800048828125,48.88800048828125,0.0,0.0,0.0,0.0
2014-10-20,48.319000244140625,48.319000244140625,48.319000244140625,48.319000244140625,48.319000244140625,0.0,0.0,0.0,0.0
2014-10-21,48.91899871826172,48.91899871826172,48.91899871826172,48.91899871826172,48.91899871826172,0.0,0.0,0.0,0.0
2014-10-22,50.525001525878906,50.525001525878906,50.525001525878906,50.525001525878906,50.525001525878906,0.0,0.0,0.0,0.0
2014-10-23,49.30500030517578,49.30500030517578,49.30500030517578,49.30500030517578,49.30500030517578,0.0,0.0,0.0,0.0
2014-10-24,49.30500030517578,49.30500030517578,49.30500030517578,49.30500030517578,49.30500030517578,0.0,0.0,0.0,0.0
2014-10-27,49.30500030517578,49.30500030517578,49.30500030517578,49.30500030517578,49.30500030517578,0.0,0.0,0.0,0.0
2014-10-28,49.30500030517578,49.30500030517578,49.30500030517578,49.30500030517578,49.30500030517578,0.0,0.0,0.0,0.0
2014-11-06,51.540000915527344,51.540000915527344,51.540000915527344,51.540000915527344,51.540000915527344,0.0,0.0,0.0,0.0
2014-11-07,51.95100021362305,51.95100021362305,51.95100021362305,51.95100021362305,51.95100021362305,0.0,0.0,0.0,0.0
2014-11-10,51.17399978637695,51.970001220703125,51.17399978637695,51.970001220703125,51.970001220703125,0.0,0.0,0.0,0.0
2014-11-11,51.32600021362305,51.32600021362305,51.32600021362305,51.32600021362305,51.32600021362305,0.0,0.0,0.0,0.0
2014-11-12,51.270999908447266,51.270999908447266,51.270999908447266,51.270999908447266,51.270999908447266,0.0,0.0,0.0,0.0
2014-11-13,51.926998138427734,51.926998138427734,51.926998138427734,51.926998138427734,51.926998138427734,0.0,0.0,0.0,0.0
2014-11-14,52.0620002746582,52.0620002746582,52.0620002746582,52.0620002746582,52.0620002746582,0.0,0.0,0.0,0.0
2014-11-17,51.196998596191406,51.196998596191406,51.196998596191406,51.196998596191406,51.196998596191406,0.0,0.0,0.0,0.0
2014-11-18,50.10100173950195,50.10100173950195,50.10100173950195,50.10100173950195,50.10100173950195,0.0,0.0,0.0,0.0
2014-11-19,49.61899948120117,49.61899948120117,49.61899948120117,49.61899948120117,49.61899948120117,0.0,0.0,0.0,0.0
2014-11-20,49.2760009765625,49.2760009765625,49.2760009765625,49.2760009765625,49.2760009765625,0.0,0.0,0.0,0.0
2014-11-21,49.97600173950195,49.97600173950195,49.97600173950195,49.97600173950195,49.97600173950195,0.0,0.0,0.0,0.0
2014-11-24,51.2400016784668,51.2400016784668,49.617000579833984,49.617000579833984,49.617000579833984,0.0,0.0,0.0,0.0
2014-11-25,50.74599838256836,50.74599838256836,50.74599838256836,50.74599838256836,50.74599838256836,0.0,0.0,0.0,0.0
2014-11-26,50.32699966430664,50.32699966430664,50.32699966430664,50.32699966430664,50.32699966430664,0.0,0.0,0.0,0.0
2014-11-28,51.125999450683594,51.125999450683594,51.125999450683594,51.125999450683594,51.125999450683594,0.0,0.0,0.0,0.0
2014-12-01,51.63199996948242,51.63199996948242,51.63199996948242,51.63199996948242,51.63199996948242,0.0,0.0,0.0,0.0
2014-12-02,50.55099868774414,50.55099868774414,50.55099868774414,50.55099868774414,50.55099868774414,0.0,0.0,0.0,0.0
2014-12-03,51.70399856567383,51.70399856567383,51.70399856567383,51.70399856567383,51.70399856567383,0.0,0.0,0.0,0.0
2014-12-04,53.137001037597656,53.137001037597656,53.137001037597656,53.137001037597656,53.137001037597656,0.0,0.0,0.0,0.0
2014-12-05,53.354000091552734,53.354000091552734,53.354000091552734,53.354000091552734,53.354000091552734,0.0,0.0,0.0,0.0
2014-12-08,54.4109992980957,54.4109992980957,54.4109992980957,54.4109992980957,54.4109992980957,0.0,0.0,0.0,0.0
2014-12-09,53.981998443603516,53.981998443603516,53.981998443603516,53.981998443603516,53.981998443603516,0.0,0.0,0.0,0.0
2014-12-10,54.88199996948242,54.88199996948242,54.88199996948242,54.88199996948242,54.88199996948242,0.0,0.0,0.0,0.0
2014-12-11,54.1150016784668,54.1150016784668,54.1150016784668,54.1150016784668,54.1150016784668,0.0,0.0,0.0,0.0
2014-12-12,55.17300033569336,55.17300033569336,55.17300033569336,55.17300033569336,55.17300033569336,0.0,0.0,0.0,0.0
2014-12-15,53.89799880981445,53.89799880981445,53.89799880981445,53.89799880981445,53.89799880981445,0.0,0.0,0.0,0.0
2014-12-16,53.9630012512207,53.9630012512207,53.9630012512207,53.9630012512207,53.9630012512207,0.0,0.0,0.0,0.0
2014-12-17,53.9010009765625,53.9010009765625,53.9010009765625,53.9010009765625,53.9010009765625,0.0,0.0,0.0,0.0
2014-12-18,55.76100158691406,55.76100158691406,55.76100158691406,55.76100158691406,55.76100158691406,0.0,0.0,0.0,0.0
2014-12-19,57.62900161743164,57.62900161743164,57.62900161743164,57.62900161743164,57.62900161743164,0.0,0.0,0.0,0.0
2014-12-22,57.24599838256836,57.24599838256836,57.24599838256836,57.24599838256836,57.24599838256836,0.0,0.0,0.0,0.0
2014-12-23,57.409000396728516,57.409000396728516,57.409000396728516,57.409000396728516,57.409000396728516,0.0,0.0,0.0,0.0
2014-12-24,57.409000396728516,57.409000396728516,57.409000396728516,57.409000396728516,57.409000396728516,0.0,0.0,0.0,0.0
2014-12-26,57.409000396728516,57.409000396728516,57.409000396728516,57.409000396728516,57.409000396728516,0.0,0.0,0.0,0.0
2014-12-29,58.9630012512207,58.9630012512207,58.9630012512207,58.9630012512207,58.9630012512207,0.0,0.0,0.0,0.0
2014-12-30,58.22800064086914,58.22800064086914,58.22800064086914,58.22800064086914,58.22800064086914,0.0,0.0,0.0,0.0
2014-12-31,58.22800064086914,58.22800064086914,58.22800064086914,58.22800064086914,58.22800064086914,0.0,0.0,0.0,0.0
2015-01-02,58.39699935913086,58.39699935913086,58.39699935913086,58.39699935913086,58.39699935913086,0.0,0.0,0.0,0.0
2015-01-05,57.696998596191406,57.696998596191406,57.696998596191406,57.696998596191406,57.696998596191406,0.0,0.0,0.0,0.0
2015-01-06,56.63399887084961,58.81999969482422,56.63399887084961,58.81999969482422,58.81999969482422,0.0,0.0,0.0,0.0
2015-01-07,55.79199981689453,55.79199981689453,55.79199981689453,55.79199981689453,55.79199981689453,0.0,0.0,0.0,0.0
2015-01-08,56.625999450683594,56.625999450683594,56.625999450683594,56.625999450683594,56.625999450683594,0.0,0.0,0.0,0.0
2015-01-09,59.60499954223633,59.60499954223633,59.60499954223633,59.60499954223633,59.60499954223633,0.0,0.0,0.0,0.0
2015-01-12,59.12799835205078,59.12799835205078,59.12799835205078,59.12799835205078,59.12799835205078,0.0,0.0,0.0,0.0
2015-01-13,58.737998962402344,58.737998962402344,58.737998962402344,58.737998962402344,58.737998962402344,0.0,0.0,0.0,0.0
2015-01-14,60.33300018310547,60.33300018310547,60.33300018310547,60.33300018310547,60.33300018310547,0.0,0.0,0.0,0.0
2015-01-15,60.742000579833984,60.742000579833984,60.742000579833984,60.742000579833984,60.742000579833984,0.0,0.0,0.0,0.0
2015-01-16,59.507999420166016,59.507999420166016,59.507999420166016,59.507999420166016,59.507999420166016,0.0,0.0,0.0,0.0
2015-01-20,61.24100112915039,61.24100112915039,61.24100112915039,61.24100112915039,61.24100112915039,0.0,0.0,0.0,0.0
2015-01-21,61.222999572753906,61.222999572753906,61.222999572753906,61.222999572753906,61.222999572753906,0.0,0.0,0.0,0.0
2015-01-22,60.5629997253418,60.5629997253418,60.5629997253418,60.5629997253418,60.5629997253418,0.0,0.0,0.0,0.0
2015-01-23,64.31700134277344,64.31700134277344,64.31700134277344,64.31700134277344,64.31700134277344,0.0,0.0,0.0,0.0
2015-01-26,64.69300079345703,64.69300079345703,64.69300079345703,64.69300079345703,64.69300079345703,0.0,0.0,0.0,0.0
2015-01-27,64.802001953125,64.802001953125,64.802001953125,64.802001953125,64.802001953125,0.0,0.0,0.0,0.0
2015-01-28,63.933998107910156,63.933998107910156,63.933998107910156,63.933998107910156,63.933998107910156,0.0,0.0,0.0,0.0
2015-01-29,63.58399963378906,63.58399963378906,63.58399963378906,63.58399963378906,63.58399963378906,0.0,0.0,0.0,0.0
2015-01-30,65.74400329589844,65.74400329589844,65.74400329589844,65.74400329589844,65.74400329589844,0.0,0.0,0.0,0.0
2015-02-02,65.82499694824219,65.82499694824219,65.82499694824219,65.82499694824219,65.82499694824219,0.0,0.0,0.0,0.0
2015-02-03,64.97100067138672,64.97100067138672,64.97100067138672,64.97100067138672,64.97100067138672,0.0,0.0,0.0,0.0
2015-02-04,64.94100189208984,64.94100189208984,64.94100189208984,64.94100189208984,64.94100189208984,0.0,0.0,0.0,0.0
2015-02-05,67.41799926757812,67.41799926757812,67.41799926757812,67.41799926757812,67.41799926757812,0.0,0.0,0.0,0.0
2015-02-06,68.76899719238281,68.76899719238281,68.76899719238281,68.76899719238281,68.76899719238281,0.0,0.0,0.0,0.0
2015-02-09,70.59500122070312,70.59500122070312,70.59500122070312,70.59500122070312,70.59500122070312,0.0,0.0,0.0,0.0
2015-02-10,69.18800354003906,69.18800354003906,69.18800354003906,69.18800354003906,69.18800354003906,0.0,0.0,0.0,0.0
2015-02-11,69.73999786376953,69.73999786376953,69.73999786376953,69.73999786376953,69.73999786376953,0.0,0.0,0.0,0.0
2015-02-12,70.04000091552734,70.04000091552734,70.04000091552734,70.04000091552734,70.04000091552734,0.0,0.0,0.0,0.0
2015-02-13,70.23200225830078,70.23200225830078,70.23200225830078,70.23200225830078,70.23200225830078,0.0,0.0,0.0,0.0
2015-02-17,70.16000366210938,70.16000366210938,70.16000366210938,70.16000366210938,70.16000366210938,0.0,0.0,0.0,0.0
2015-02-18,68.64600372314453,68.64600372314453,68.64600372314453,68.64600372314453,68.64600372314453,0.0,0.0,0.0,0.0
2015-02-19,69.16200256347656,69.16200256347656,69.16200256347656,69.16200256347656,69.16200256347656,0.0,0.0,0.0,0.0
2015-02-20,68.6989974975586,68.6989974975586,68.6989974975586,68.6989974975586,68.6989974975586,0.0,0.0,0.0,0.0
2015-02-23,68.05699920654297,68.05699920654297,68.05699920654297,68.05699920654297,68.05699920654297,0.0,0.0,0.0,0.0
2015-02-24,69.28900146484375,69.28900146484375,69.28900146484375,69.28900146484375,69.28900146484375,0.0,0.0,0.0,0.0
2015-02-25,69.04900360107422,69.04900360107422,69.04900360107422,69.04900360107422,69.04900360107422,0.0,0.0,0.0,0.0
2015-02-26,68.94999694824219,68.94999694824219,68.94999694824219,68.94999694824219,68.94999694824219,0.0,0.0,0.0,0.0
2015-02-27,70.73799896240234,70.73799896240234,70.73799896240234,70.73799896240234,70.73799896240234,0.0,0.0,0.0,0.0
2015-03-02,69.8219985961914,69.8219985961914,69.8219985961914,69.8219985961914,69.8219985961914,0.0,0.0,0.0,0.0
2015-03-03,70.80699920654297,70.80699920654297,70.80699920654297,70.80699920654297,70.80699920654297,0.0,0.0,0.0,0.0
2015-03-04,70.41300201416016,70.41300201416016,70.41300201416016,70.41300201416016,70.41300201416016,0.0,0.0,0.0,0.0
2015-03-05,74.35199737548828,74.35199737548828,74.35199737548828,74.35199737548828,74.35199737548828,0.0,0.0,0.0,0.0
2015-03-06,76.48400115966797,76.48400115966797,76.48400115966797,76.48400115966797,76.48400115966797,0.0,0.0,0.0,0.0
2015-03-09,76.54000091552734,76.54000091552734,76.00399780273438,76.00399780273438,76.00399780273438,0.0,0.0,0.0,0.0
2015-03-10,77.41999816894531,77.41999816894531,77.41999816894531,77.41999816894531,77.41999816894531,0.0,0.0,0.0,0.0
2015-03-11,77.5989990234375,77.5989990234375,77.5989990234375,77.5989990234375,77.5989990234375,0.0,0.0,0.0,0.0
2015-03-12,79.51699829101562,79.51699829101562,79.51699829101562,79.51699829101562,79.51699829101562,0.0,0.0,0.0,0.0
2015-03-13,79.69999694824219,79.69999694824219,79.45899963378906,79.45899963378906,79.45899963378906,0.0,0.0,0.0,0.0
2015-03-16,79.60099792480469,79.60099792480469,79.60099792480469,79.60099792480469,79.60099792480469,0.0,0.0,0.0,0.0
2015-03-17,79.4800033569336,79.4800033569336,79.4800033569336,79.4800033569336,79.4800033569336,0.0,0.0,0.0,0.0
2015-03-18,80.21099853515625,80.21099853515625,80.21099853515625,80.21099853515625,80.21099853515625,0.0,0.0,0.0,0.0
2015-03-19,79.54100036621094,79.54100036621094,79.54100036621094,79.54100036621094,79.54100036621094,0.0,0.0,0.0,0.0
2015-03-20,80.22699737548828,81.75399780273438,80.22699737548828,81.75399780273438,81.75399780273438,19.0,0.0,0.0,0.0
2015-03-23,80.67400360107422,80.67400360107422,80.67400360107422,80.67400360107422,80.67400360107422,0.0,0.0,0.0,0.0
2015-03-24,78.08200073242188,78.08200073242188,78.08200073242188,78.08200073242188,78.08200073242188,0.0,0.0,0.0,0.0
2015-04-15,82.33000183105469,82.33000183105469,82.33000183105469,82.33000183105469,82.33000183105469,0.0,0.0,0.0,0.0
2015-04-16,82.33000183105469,82.33000183105469,82.33000183105469,82.33000183105469,82.33000183105469,0.0,0.0,0.0,0.0
2015-04-17,81.88099670410156,81.88099670410156,81.88099670410156,81.88099670410156,81.88099670410156,0.0,0.0,0.0,0.0
2015-05-04,77.31999969482422,77.31999969482422,77.31999969482422,77.31999969482422,77.31999969482422,0.0,0.0,0.0,0.0
2015-05-05,77.31999969482422,77.31999969482422,77.31999969482422,77.31999969482422,77.31999969482422,0.0,0.0,0.0,0.0
2015-05-06,75.62999725341797,75.62999725341797,75.62999725341797,75.62999725341797,75.62999725341797,0.0,0.0,0.0,0.0
2015-05-20,78.27999877929688,78.27999877929688,78.27999877929688,78.27999877929688,78.27999877929688,0.0,0.0,0.0,0.0
2015-06-01,79.16400146484375,79.16400146484375,79.16400146484375,79.16400146484375,79.16400146484375,0.0,0.0,0.0,0.0
2015-06-02,79.59500122070312,79.59500122070312,79.59500122070312,79.59500122070312,79.59500122070312,0.0,0.0,0.0,0.0
2015-06-03,77.66500091552734,77.66500091552734,77.66500091552734,77.66500091552734,77.66500091552734,0.0,0.0,0.0,0.0
2015-06-04,79.55000305175781,79.55000305175781,79.55000305175781,79.55000305175781,79.55000305175781,0.0,0.0,0.0,0.0
2015-06-05,78.62000274658203,78.62000274658203,78.62000274658203,78.62000274658203,78.62000274658203,0.0,0.0,0.0,0.0
2015-07-06,82.87000274658203,82.87000274658203,82.87000274658203,82.87000274658203,82.87000274658203,0.0,0.0,0.0,0.0
2015-07-07,86.01000213623047,86.01000213623047,86.01000213623047,86.01000213623047,86.01000213623047,0.0,0.0,0.0,0.0
2015-07-08,86.83000183105469,86.83000183105469,86.83000183105469,86.83000183105469,86.83000183105469,0.0,0.0,0.0,0.0
2015-07-09,86.37999725341797,86.37999725341797,86.37999725341797,86.37999725341797,86.37999725341797,0.0,0.0,0.0,0.0
2015-07-10,87.83999633789062,87.83999633789062,87.83999633789062,87.83999633789062,87.83999633789062,0.0,0.0,0.0,0.0
2015-07-27,86.00800323486328,86.00800323486328,86.00800323486328,86.00800323486328,86.00800323486328,24.0,0.0,0.0,0.0
2015-09-14,84.19000244140625,84.19000244140625,84.19000244140625,84.19000244140625,84.19000244140625,0.0,0.0,0.0,0.0
2015-09-15,83.97000122070312,83.97000122070312,83.97000122070312,83.97000122070312,83.97000122070312,0.0,0.0,0.0,0.0
2015-09-16,84.55999755859375,84.55999755859375,84.55999755859375,84.55999755859375,84.55999755859375,0.0,0.0,0.0,0.0
2015-09-17,84.66000366210938,84.66000366210938,84.66000366210938,84.66000366210938,84.66000366210938,0.0,0.0,0.0,0.0
2015-09-18,82.9000015258789,82.9000015258789,82.9000015258789,82.9000015258789,82.9000015258789,0.0,0.0,0.0,0.0
2015-09-21,83.48300170898438,83.48300170898438,83.48300170898438,83.48300170898438,83.48300170898438,0.0,0.0,0.0,0.0
2015-09-22,85.05999755859375,85.05999755859375,85.05999755859375,85.05999755859375,85.05999755859375,0.0,0.0,0.0,0.0
2015-09-23,84.12000274658203,84.12000274658203,84.12000274658203,84.12000274658203,84.12000274658203,0.0,0.0,0.0,0.0
2015-10-16,83.10299682617188,83.10299682617188,83.10299682617188,83.10299682617188,83.10299682617188,0.0,0.0,0.0,0.0
2015-10-19,83.41999816894531,83.41999816894531,83.41999816894531,83.41999816894531,83.41999816894531,0.0,0.0,0.0,0.0
2015-10-20,82.98999786376953,82.98999786376953,82.98999786376953,82.98999786376953,82.98999786376953,0.0,0.0,0.0,0.0
2015-10-21,83.03199768066406,83.03199768066406,83.03199768066406,83.03199768066406,83.03199768066406,0.0,0.0,0.0,0.0
2015-10-22,75.09500122070312,75.09500122070312,75.09500122070312,75.09500122070312,75.09500122070312,0.0,0.0,0.0,0.0
2015-10-23,78.94999694824219,78.94999694824219,78.94999694824219,78.94999694824219,78.94999694824219,0.0,0.0,0.0,0.0
2015-10-26,79.93299865722656,79.93299865722656,79.93299865722656,79.93299865722656,79.93299865722656,0.0,0.0,0.0,0.0
2015-10-27,85.01599884033203,85.01599884033203,85.01599884033203,85.01599884033203,85.01599884033203,0.0,0.0,0.0,0.0
2015-10-28,84.5999984741211,84.5999984741211,84.5999984741211,84.5999984741211,84.5999984741211,0.0,0.0,0.0,0.0
2015-11-16,90.11000061035156,90.11000061035156,90.11000061035156,90.11000061035156,90.11000061035156,0.0,0.0,0.0,0.0
2015-11-17,92.58999633789062,92.58999633789062,92.58999633789062,92.58999633789062,92.58999633789062,0.0,0.0,0.0,0.0
2015-12-03,98.52999877929688,98.52999877929688,98.52999877929688,98.52999877929688,98.52999877929688,0.0,0.0,0.0,0.0
2015-12-04,98.75700378417969,98.75700378417969,98.75700378417969,98.75700378417969,98.75700378417969,0.0,0.0,0.0,0.0
2015-12-07,102.7300033569336,102.7300033569336,102.7300033569336,102.7300033569336,102.7300033569336,0.0,0.0,0.0,0.0
2015-12-08,102.58000183105469,102.58000183105469,102.58000183105469,102.58000183105469,102.58000183105469,0.0,0.0,0.0,0.0
2015-12-09,101.36000061035156,101.36000061035156,101.36000061035156,101.36000061035156,101.36000061035156,0.0,0.0,0.0,0.0
2015-12-10,97.66999816894531,97.66999816894531,97.66999816894531,97.66999816894531,97.66999816894531,0.0,0.0,0.0,0.0
2015-12-11,97.77999877929688,97.77999877929688,97.77999877929688,97.77999877929688,97.77999877929688,0.0,0.0,0.0,0.0
2015-12-14,95.30999755859375,95.30999755859375,95.30999755859375,95.30999755859375,95.30999755859375,0.0,0.0,0.0,0.0
2015-12-15,96.18000030517578,96.18000030517578,96.18000030517578,96.18000030517578,96.18000030517578,0.0,0.0,0.0,0.0
2015-12-16,96.70999908447266,96.70999908447266,96.70999908447266,96.70999908447266,96.70999908447266,0.0,0.0,0.0,0.0
2015-12-17,98.56999969482422,98.56999969482422,98.56999969482422,98.56999969482422,98.56999969482422,0.0,0.0,0.0,0.0
2015-12-18,97.0999984741211,97.0999984741211,97.0999984741211,97.0999984741211,97.0999984741211,0.0,0.0,0.0,0.0
2015-12-21,94.56999969482422,94.56999969482422,94.56999969482422,94.56999969482422,94.56999969482422,0.0,0.0,0.0,0.0
2015-12-22,94.87000274658203,94.87000274658203,94.87000274658203,94.87000274658203,94.87000274658203,0.0,0.0,0.0,0.0
2015-12-23,93.93000030517578,93.93000030517578,93.93000030517578,93.93000030517578,93.93000030517578,0.0,0.0,0.0,0.0
2015-12-24,93.96499633789062,93.96499633789062,93.96499633789062,93.96499633789062,93.96499633789062,0.0,0.0,0.0,0.0
2015-12-28,99.35800170898438,99.35800170898438,99.35800170898438,99.35800170898438,99.35800170898438,0.0,0.0,0.0,0.0
2015-12-29,100.68399810791016,103.86699676513672,100.68399810791016,103.86699676513672,103.86699676513672,20.0,0.0,0.0,0.0
2016-02-16,96.8499984741211,96.8499984741211,96.8499984741211,96.8499984741211,96.8499984741211,0.0,0.0,0.0,0.0
2016-02-17,97.2699966430664,97.2699966430664,97.2699966430664,97.2699966430664,97.2699966430664,0.0,0.0,0.0,0.0
2016-02-18,100.41999816894531,100.41999816894531,100.41999816894531,100.41999816894531,100.41999816894531,0.0,0.0,0.0,0.0
2016-02-19,98.7300033569336,98.7300033569336,98.7300033569336,98.7300033569336,98.7300033569336,0.0,0.0,0.0,0.0
2016-02-22,100.94999694824219,100.94999694824219,100.94999694824219,100.94999694824219,100.94999694824219,0.0,0.0,0.0,0.0
2016-02-23,98.30000305175781,98.30000305175781,98.30000305175781,98.30000305175781,98.30000305175781,0.0,0.0,0.0,0.0
2016-02-24,102.62999725341797,102.62999725341797,102.62999725341797,102.62999725341797,102.62999725341797,0.0,0.0,0.0,0.0
2016-02-25,103.11000061035156,103.11000061035156,103.11000061035156,103.11000061035156,103.11000061035156,0.0,0.0,0.0,0.0
2016-02-26,105.79000091552734,105.79000091552734,105.79000091552734,105.79000091552734,105.79000091552734,0.0,0.0,0.0,0.0
2016-02-29,106.87000274658203,106.87000274658203,106.87000274658203,106.87000274658203,106.87000274658203,0.0,0.0,0.0,0.0
2016-03-01,106.69000244140625,106.69000244140625,106.69000244140625,106.69000244140625,106.69000244140625,0.0,0.0,0.0,0.0
2016-03-02,106.91000366210938,106.91000366210938,106.91000366210938,106.91000366210938,106.91000366210938,0.0,0.0,0.0,0.0
2016-03-03,108.30000305175781,108.30000305175781,108.30000305175781,108.30000305175781,108.30000305175781,0.0,0.0,0.0,0.0
2016-03-04,108.1500015258789,108.1500015258789,108.1500015258789,108.1500015258789,108.1500015258789,0.0,0.0,0.0,0.0
2016-03-07,112.66999816894531,112.66999816894531,112.66999816894531,112.66999816894531,112.66999816894531,0.0,0.0,0.0,0.0
2016-03-08,108.58000183105469,108.58000183105469,108.58000183105469,108.58000183105469,108.58000183105469,0.0,0.0,0.0,0.0
2016-03-09,110.55000305175781,110.55000305175781,110.55000305175781,110.55000305175781,110.55000305175781,0.0,0.0,0.0,0.0
2016-03-10,109.48999786376953,109.48999786376953,109.48999786376953,109.48999786376953,109.48999786376953,0.0,0.0,0.0,0.0
2016-03-11,110.5999984741211,110.5999984741211,110.5999984741211,110.5999984741211,110.5999984741211,0.0,0.0,0.0,0.0
2016-03-18,107.49600219726562,107.49600219726562,107.49600219726562,107.49600219726562,107.49600219726562,0.0,0.0,0.0,0.0
2016-03-21,108.34200286865234,108.34200286865234,108.27999877929688,108.27999877929688,108.27999877929688,0.0,0.0,0.0,0.0
2016-03-22,106.7229995727539,106.7229995727539,106.7229995727539,106.7229995727539,106.7229995727539,0.0,0.0,0.0,0.0
2016-03-23,106.83000183105469,106.83000183105469,106.83000183105469,106.83000183105469,106.83000183105469,0.0,0.0,0.0,0.0
2016-04-04,110.79199981689453,110.9530029296875,110.79199981689453,110.9530029296875,110.9530029296875,0.0,0.0,0.0,0.0
2016-04-05,108.927001953125,108.927001953125,108.927001953125,108.927001953125,108.927001953125,0.0,0.0,0.0,0.0
2016-04-06,106.56900024414062,106.56900024414062,106.26599884033203,106.29399871826172,106.29399871826172,0.0,0.0,0.0,0.0
2016-04-07,107.39700317382812,107.39700317382812,107.39700317382812,107.39700317382812,107.39700317382812,0.0,0.0,0.0,0.0
2016-04-08,107.01000213623047,110.4739990234375,106.88800048828125,110.4739990234375,110.4739990234375,0.0,0.0,0.0,0.0
2016-04-11,105.71399688720703,106.83300018310547,105.71399688720703,106.83300018310547,106.83300018310547,0.0,0.0,0.0,0.0
2016-04-12,104.41799926757812,104.41799926757812,104.41799926757812,104.41799926757812,104.41799926757812,0.0,0.0,0.0,0.0
2016-04-13,105.19000244140625,105.19000244140625,105.19000244140625,105.19000244140625,105.19000244140625,0.0,0.0,0.0,0.0
2016-04-14,108.875,111.91500091552734,108.875,111.91500091552734,111.91500091552734,0.0,0.0,0.0,0.0
2016-04-15,109.4469985961914,109.4469985961914,109.4469985961914,109.4469985961914,109.4469985961914,0.0,0.0,0.0,0.0
2016-04-18,107.66600036621094,109.73400115966797,107.66600036621094,109.73400115966797,109.73400115966797,0.0,0.0,0.0,0.0
2016-04-19,107.59300231933594,107.59300231933594,107.59300231933594,107.59300231933594,107.59300231933594,0.0,0.0,0.0,0.0
2016-04-20,108.91999816894531,108.91999816894531,108.91999816894531,108.91999816894531,108.91999816894531,0.0,0.0,0.0,0.0
2016-04-21,112.03199768066406,114.0260009765625,112.03199768066406,114.0260009765625,114.0260009765625,0.0,0.0,0.0,0.0
2016-04-22,111.30599975585938,111.30599975585938,111.30599975585938,111.30599975585938,111.30599975585938,0.0,0.0,0.0,0.0
2016-04-25,112.93499755859375,114.94499969482422,112.93499755859375,114.34700012207031,114.34700012207031,0.0,0.0,0.0,0.0
2016-04-26,111.88899993896484,111.88899993896484,111.88899993896484,111.88899993896484,111.88899993896484,0.0,0.0,0.0,0.0
2016-04-27,112.30999755859375,112.30999755859375,112.30999755859375,112.30999755859375,112.30999755859375,0.0,0.0,0.0,0.0
2016-04-28,108.72100067138672,110.3740005493164,108.72100067138672,110.3740005493164,110.3740005493164,0.0,0.0,0.0,0.0
2016-04-29,106.51300048828125,106.77300262451172,106.51300048828125,106.77300262451172,106.77300262451172,0.0,0.0,0.0,0.0
2016-05-02,105.05699920654297,106.62300109863281,105.05699920654297,106.62300109863281,106.62300109863281,0.0,0.0,0.0,0.0
2016-05-03,104.55599975585938,104.55599975585938,104.55599975585938,104.55599975585938,104.55599975585938,0.0,0.0,0.0,0.0
2016-05-04,103.01799774169922,106.3030014038086,103.01799774169922,106.3030014038086,106.3030014038086,0.0,0.0,0.0,0.0
2016-05-05,104.7750015258789,104.7750015258789,104.7750015258789,104.7750015258789,104.7750015258789,0.0,0.0,0.0,0.0
2016-05-06,106.91300201416016,108.2699966430664,106.91300201416016,108.2699966430664,108.2699966430664,0.0,0.0,0.0,0.0
2016-05-09,112.16100311279297,112.16100311279297,107.76300048828125,107.76300048828125,107.76300048828125,120.0,0.0,0.0,0.0
2016-05-10,109.94000244140625,109.94000244140625,109.94000244140625,109.94000244140625,109.94000244140625,0.0,0.0,0.0,0.0
2016-05-11,109.44999694824219,109.44999694824219,109.44999694824219,109.44999694824219,109.44999694824219,0.0,0.0,0.0,0.0
2016-05-12,110.51000213623047,110.51000213623047,110.51000213623047,110.51000213623047,110.51000213623047,0.0,0.0,0.0,0.0
2016-05-13,113.72000122070312,113.72000122070312,113.72000122070312,113.72000122070312,113.72000122070312,0.0,0.0,0.0,0.0
2016-05-26,122.73999786376953,122.73999786376953,122.73999786376953,122.73999786376953,122.73999786376953,0.0,0.0,0.0,0.0
2016-05-27,121.56999969482422,121.56999969482422,121.56999969482422,121.56999969482422,121.56999969482422,0.0,0.0,0.0,0.0
2016-05-31,123.80999755859375,123.80999755859375,123.80999755859375,123.80999755859375,123.80999755859375,0.0,0.0,0.0,0.0
2016-06-01,123.33000183105469,123.33000183105469,123.33000183105469,123.33000183105469,123.33000183105469,0.0,0.0,0.0,0.0
2016-06-02,123.12999725341797,123.12999725341797,123.12999725341797,123.12999725341797,123.12999725341797,0.0,0.0,0.0,0.0
2016-06-03,124.3499984741211,124.3499984741211,124.3499984741211,124.3499984741211,124.3499984741211,0.0,0.0,0.0,0.0
2016-06-06,122.48999786376953,122.48999786376953,122.48999786376953,122.48999786376953,122.48999786376953,0.0,0.0,0.0,0.0
2016-06-07,123.72000122070312,123.72000122070312,123.72000122070312,123.72000122070312,123.72000122070312,0.0,0.0,0.0,0.0
2016-06-08,122.27999877929688,122.27999877929688,122.27999877929688,122.27999877929688,122.27999877929688,0.0,0.0,0.0,0.0
2016-06-09,123.47000122070312,123.47000122070312,123.47000122070312,123.47000122070312,123.47000122070312,0.0,0.0,0.0,0.0
2016-06-10,123.4000015258789,123.4000015258789,123.4000015258789,123.4000015258789,123.4000015258789,0.0,0.0,0.0,0.0
2016-06-13,123.5999984741211,123.5999984741211,123.5999984741211,123.5999984741211,123.5999984741211,0.0,0.0,0.0,0.0
2016-06-14,123.26599884033203,126.28099822998047,123.26599884033203,126.28099822998047,126.28099822998047,0.0,0.0,0.0,0.0
2016-06-15,123.56700134277344,126.13400268554688,123.56700134277344,126.11399841308594,126.11399841308594,0.0,0.0,0.0,0.0
2016-06-16,123.0999984741211,123.0999984741211,123.0999984741211,123.0999984741211,123.0999984741211,0.0,0.0,0.0,0.0
2016-06-17,124.37000274658203,126.22000122070312,124.37000274658203,126.22000122070312,126.22000122070312,100.0,0.0,0.0,0.0
2016-07-20,135.27999877929688,135.27999877929688,135.27999877929688,135.27999877929688,135.27999877929688,0.0,0.0,0.0,0.0
2016-07-21,135.19000244140625,135.19000244140625,135.19000244140625,135.19000244140625,135.19000244140625,0.0,0.0,0.0,0.0
2016-07-22,134.67999267578125,134.67999267578125,134.67999267578125,134.67999267578125,134.67999267578125,0.0,0.0,0.0,0.0
2016-08-03,141.5500030517578,141.5500030517578,141.5500030517578,141.5500030517578,141.5500030517578,0.0,0.0,0.0,0.0
2016-08-19,144.36000061035156,144.36000061035156,144.36000061035156,144.36000061035156,144.36000061035156,0.0,0.0,0.0,0.0
2016-08-22,144.91000366210938,144.91000366210938,144.91000366210938,144.91000366210938,144.91000366210938,0.0,0.0,0.0,0.0
2016-08-23,142.88999938964844,142.88999938964844,142.88999938964844,142.88999938964844,142.88999938964844,0.0,0.0,0.0,0.0
2016-08-24,143.42999267578125,143.42999267578125,143.42999267578125,143.42999267578125,143.42999267578125,0.0,0.0,0.0,0.0
2016-09-06,151.83999633789062,151.83999633789062,151.83999633789062,151.83999633789062,151.83999633789062,0.0,0.0,0.0,0.0
2016-09-07,147.14999389648438,147.14999389648438,147.14999389648438,147.14999389648438,147.14999389648438,0.0,0.0,0.0,0.0
2016-09-08,147.25999450683594,147.25999450683594,147.25999450683594,147.25999450683594,147.25999450683594,0.0,0.0,0.0,0.0
2016-09-09,146.58999633789062,146.58999633789062,146.58999633789062,146.58999633789062,146.58999633789062,0.0,0.0,0.0,0.0
2016-09-12,148.6999969482422,148.6999969482422,148.6999969482422,148.6999969482422,148.6999969482422,0.0,0.0,0.0,0.0
2016-09-13,149.89999389648438,149.89999389648438,149.89999389648438,149.89999389648438,149.89999389648438,0.0,0.0,0.0,0.0
2016-09-14,148.0500030517578,148.0500030517578,148.0500030517578,148.0500030517578,148.0500030517578,0.0,0.0,0.0,0.0
2016-09-15,147.75,147.75,147.75,147.75,147.75,0.0,0.0,0.0,0.0
2016-09-16,151.2100067138672,151.2100067138672,151.2100067138672,151.2100067138672,151.2100067138672,0.0,0.0,0.0,0.0
2016-09-19,152.07000732421875,152.07000732421875,152.07000732421875,152.07000732421875,152.07000732421875,0.0,0.0,0.0,0.0
2016-09-20,149.82000732421875,149.82000732421875,149.82000732421875,149.82000732421875,149.82000732421875,0.0,0.0,0.0,0.0
2016-09-21,152.49000549316406,152.49000549316406,152.49000549316406,152.49000549316406,152.49000549316406,0.0,0.0,0.0,0.0
2016-09-22,151.74000549316406,151.74000549316406,151.74000549316406,151.74000549316406,151.74000549316406,0.0,0.0,0.0,0.0
2016-09-23,151.30999755859375,157.2100067138672,151.30999755859375,157.2100067138672,157.2100067138672,15.0,0.0,0.0,0.0
2016-09-26,149.10000610351562,149.10000610351562,149.10000610351562,149.10000610351562,149.10000610351562,0.0,0.0,0.0,0.0
2016-09-27,146.64999389648438,146.64999389648438,146.64999389648438,146.64999389648438,146.64999389648438,0.0,0.0,0.0,0.0
2016-09-28,148.8699951171875,148.8699951171875,148.8699951171875,148.8699951171875,148.8699951171875,0.0,0.0,0.0,0.0
2016-09-29,149.36000061035156,149.36000061035156,149.36000061035156,149.36000061035156,149.36000061035156,0.0,0.0,0.0,0.0
2016-09-30,144.99000549316406,144.99000549316406,144.99000549316406,144.99000549316406,144.99000549316406,0.0,0.0,0.0,0.0
2016-10-13,139.89999389648438,139.89999389648438,139.89999389648438,139.89999389648438,139.89999389648438,0.0,0.0,0.0,0.0
2016-10-14,137.8000030517578,137.8000030517578,137.8000030517578,137.8000030517578,137.8000030517578,0.0,0.0,0.0,0.0
2016-11-09,130.19000244140625,130.19000244140625,130.19000244140625,130.19000244140625,130.19000244140625,0.0,0.0,0.0,0.0
2016-11-10,144.4499969482422,144.4499969482422,144.4499969482422,144.4499969482422,144.4499969482422,0.0,0.0,0.0,0.0
2016-11-11,143.64999389648438,143.64999389648438,143.64999389648438,143.64999389648438,143.64999389648438,0.0,0.0,0.0,0.0
2016-11-14,147.55999755859375,147.55999755859375,147.55999755859375,147.55999755859375,147.55999755859375,0.0,0.0,0.0,0.0
2016-12-14,155.5500030517578,155.5500030517578,155.5500030517578,155.5500030517578,155.5500030517578,0.0,0.0,0.0,0.0
2016-12-15,153.7899932861328,153.7899932861328,153.7899932861328,153.7899932861328,153.7899932861328,0.0,0.0,0.0,0.0
2016-12-16,156.89999389648438,156.89999389648438,156.89999389648438,156.89999389648438,156.89999389648438,0.0,0.0,0.0,0.0
2016-12-19,151.99000549316406,151.99000549316406,151.99000549316406,151.99000549316406,151.99000549316406,0.0,0.0,0.0,0.0
2016-12-20,151.66000366210938,151.66000366210938,151.66000366210938,151.66000366210938,151.66000366210938,0.0,0.0,0.0,0.0
2016-12-21,147.85000610351562,147.85000610351562,147.85000610351562,147.85000610351562,147.85000610351562,0.0,0.0,0.0,0.0
2016-12-22,144.27000427246094,144.27000427246094,144.27000427246094,144.27000427246094,144.27000427246094,0.0,0.0,0.0,0.0
2016-12-23,140.99000549316406,140.99000549316406,140.99000549316406,140.99000549316406,140.99000549316406,0.0,0.0,0.0,0.0
2016-12-27,140.2100067138672,140.2100067138672,140.2100067138672,140.2100067138672,140.2100067138672,0.0,0.0,0.0,0.0
2016-12-28,140.22999572753906,140.22999572753906,140.22999572753906,140.22999572753906,140.22999572753906,0.0,0.0,0.0,0.0
2016-12-29,139.08999633789062,139.08999633789062,139.08999633789062,139.08999633789062,139.08999633789062,0.0,0.0,0.0,0.0
2016-12-30,135.57000732421875,135.57000732421875,135.02999877929688,135.02999877929688,135.02999877929688,0.0,0.0,0.0,0.0
2017-01-03,137.3699951171875,137.3699951171875,137.3699951171875,137.3699951171875,137.3699951171875,0.0,0.0,0.0,0.0
2017-01-04,141.47999572753906,141.47999572753906,141.47999572753906,141.47999572753906,141.47999572753906,0.0,0.0,0.0,0.0
2017-01-05,141.8800048828125,141.8800048828125,141.8800048828125,141.8800048828125,141.8800048828125,0.0,0.0,0.0,0.0
2017-01-06,141.52000427246094,141.52000427246094,141.52000427246094,141.52000427246094,141.52000427246094,0.0,0.0,0.0,0.0
2017-01-09,146.27999877929688,146.27999877929688,146.27999877929688,146.27999877929688,146.27999877929688,0.0,0.0,0.0,0.0
2017-01-10,145.0800018310547,145.0800018310547,145.0800018310547,145.0800018310547,145.0800018310547,0.0,0.0,0.0,0.0
2017-01-11,144.85000610351562,144.85000610351562,144.85000610351562,144.85000610351562,144.85000610351562,0.0,0.0,0.0,0.0
2017-01-23,143.1999969482422,143.1999969482422,143.1999969482422,143.1999969482422,143.1999969482422,0.0,0.0,0.0,0.0
2017-01-24,141.86000061035156,141.86000061035156,141.86000061035156,141.86000061035156,141.86000061035156,0.0,0.0,0.0,0.0
2017-01-25,144.8000030517578,144.8000030517578,144.8000030517578,144.8000030517578,144.8000030517578,0.0,0.0,0.0,0.0
2017-01-26,159.63999938964844,159.63999938964844,159.63999938964844,159.63999938964844,159.63999938964844,0.0,0.0,0.0,0.0
2017-01-27,165.83999633789062,165.83999633789062,165.83999633789062,165.83999633789062,165.83999633789062,0.0,0.0,0.0,0.0
2017-01-30,164.4499969482422,164.4499969482422,164.4499969482422,164.4499969482422,164.4499969482422,0.0,0.0,0.0,0.0
2017-01-31,166.2899932861328,166.2899932861328,166.2899932861328,166.2899932861328,166.2899932861328,0.0,0.0,0.0,0.0
2017-02-01,170.30999755859375,170.30999755859375,170.30999755859375,170.30999755859375,170.30999755859375,0.0,0.0,0.0,0.0
2017-02-02,170.72000122070312,170.72000122070312,170.72000122070312,170.72000122070312,170.72000122070312,0.0,0.0,0.0,0.0
2017-02-03,171.39999389648438,171.39999389648438,171.39999389648438,171.39999389648438,171.39999389648438,0.0,0.0,0.0,0.0
2017-02-06,174.1300048828125,174.1300048828125,174.1300048828125,174.1300048828125,174.1300048828125,0.0,0.0,0.0,0.0
2017-02-07,174.4499969482422,174.4499969482422,174.4499969482422,174.4499969482422,174.4499969482422,0.0,0.0,0.0,0.0
2017-02-08,174.02000427246094,174.02000427246094,174.02000427246094,174.02000427246094,174.02000427246094,0.0,0.0,0.0,0.0
2017-02-09,172.2100067138672,172.2100067138672,172.2100067138672,172.2100067138672,172.2100067138672,0.0,0.0,0.0,0.0
2017-02-10,173.38999938964844,173.38999938964844,173.38999938964844,173.38999938964844,173.38999938964844,0.0,0.0,0.0,0.0
2017-03-10,177.8300018310547,177.8300018310547,177.8300018310547,177.8300018310547,177.8300018310547,0.0,0.0,0.0,0.0
2017-03-13,175.27000427246094,175.27000427246094,175.27000427246094,175.27000427246094,175.27000427246094,0.0,0.0,0.0,0.0
2017-03-14,176.52000427246094,176.52000427246094,176.52000427246094,176.52000427246094,176.52000427246094,0.0,0.0,0.0,0.0
2017-03-15,176.41000366210938,176.41000366210938,176.41000366210938,176.41000366210938,176.41000366210938,0.0,0.0,0.0,0.0
2017-03-16,174.6699981689453,174.6699981689453,174.6699981689453,174.6699981689453,174.6699981689453,0.0,0.0,0.0,0.0
2017-03-17,173.5,173.5,173.5,173.5,173.5,0.0,0.0,0.0,0.0
2017-03-20,173.0,173.0,173.0,173.0,173.0,0.0,0.0,0.0,0.0
